-- --------------------------------------------------------
-- Host:                         sql5101.site4now.net
-- Versión del servidor:         Microsoft SQL Server 2019 (RTM-GDR) (KB4583458) - 15.0.2080.9
-- SO del servidor:              Windows Server 2019 Standard 10.0 <X64> (Build 17763: ) (Hypervisor)
-- HeidiSQL Versión:             11.3.0.6295
-- --------------------------------------------------------

/*!40101 SET @OLD_CHARACTER_SET_CLIENT=@@CHARACTER_SET_CLIENT */;
/*!40101 SET NAMES  */;
/*!40014 SET @OLD_FOREIGN_KEY_CHECKS=@@FOREIGN_KEY_CHECKS, FOREIGN_KEY_CHECKS=0 */;
/*!40101 SET @OLD_SQL_MODE=@@SQL_MODE, SQL_MODE='NO_AUTO_VALUE_ON_ZERO' */;
/*!40111 SET @OLD_SQL_NOTES=@@SQL_NOTES, SQL_NOTES=0 */;


-- Volcando estructura de base de datos para db_a76b7c_jsmartin
CREATE DATABASE IF NOT EXISTS "db_a76b7c_jsmartin";
USE "db_a76b7c_jsmartin";

-- Volcando estructura para tabla db_a76b7c_jsmartin.Answer
CREATE TABLE IF NOT EXISTS "Answer" (
	"AnswerID" NVARCHAR(450) NOT NULL COLLATE 'SQL_Latin1_General_CP1_CI_AS',
	"WordAnswered" NVARCHAR(max) NULL DEFAULT NULL COLLATE 'SQL_Latin1_General_CP1_CI_AS',
	"WordID" NVARCHAR(450) NULL DEFAULT NULL COLLATE 'SQL_Latin1_General_CP1_CI_AS',
	"CategoryID" NVARCHAR(450) NULL DEFAULT NULL COLLATE 'SQL_Latin1_General_CP1_CI_AS',
	"TurnID" NVARCHAR(450) NULL DEFAULT NULL COLLATE 'SQL_Latin1_General_CP1_CI_AS',
	"Correct" BIT NOT NULL,
	PRIMARY KEY ("AnswerID"),
	FOREIGN KEY INDEX "FK_Answer_Category_CategoryID" ("CategoryID"),
	FOREIGN KEY INDEX "FK_Answer_Turn_TurnID" ("TurnID"),
	FOREIGN KEY INDEX "FK_Answer_Word_WordID" ("WordID"),
	CONSTRAINT "FK_Answer_Category_CategoryID" FOREIGN KEY ("CategoryID") REFERENCES "Category" ("CategoryID") ON UPDATE NO_ACTION ON DELETE NO_ACTION,
	CONSTRAINT "FK_Answer_Word_WordID" FOREIGN KEY ("WordID") REFERENCES "Word" ("WordID") ON UPDATE NO_ACTION ON DELETE NO_ACTION,
	CONSTRAINT "FK_Answer_Turn_TurnID" FOREIGN KEY ("TurnID") REFERENCES "Turn" ("TurnID") ON UPDATE NO_ACTION ON DELETE NO_ACTION
);

-- Volcando datos para la tabla db_a76b7c_jsmartin.Answer: -1 rows
/*!40000 ALTER TABLE "Answer" DISABLE KEYS */;
/*!40000 ALTER TABLE "Answer" ENABLE KEYS */;

-- Volcando estructura para tabla db_a76b7c_jsmartin.Category
CREATE TABLE IF NOT EXISTS "Category" (
	"CategoryID" NVARCHAR(450) NOT NULL COLLATE 'SQL_Latin1_General_CP1_CI_AS',
	"CategoryName" NVARCHAR(max) NULL DEFAULT NULL COLLATE 'SQL_Latin1_General_CP1_CI_AS',
	PRIMARY KEY ("CategoryID")
);

-- Volcando datos para la tabla db_a76b7c_jsmartin.Category: -1 rows
/*!40000 ALTER TABLE "Category" DISABLE KEYS */;
INSERT INTO "Category" ("CategoryID", "CategoryName") VALUES
	('23b4badd-5939-4b72-8970-26298770c82e', 'Cine'),
	('7813810f-78f7-43d4-a782-90bc58004900', 'Animal'),
	('990c39ad-06b0-4ecc-8547-ecd585411f2e', 'Color'),
	('9944bffc-8208-4c1c-8bbf-0824be6a259a', 'Fruta o Verdura'),
	('a9bfaa55-3630-4b2b-9825-a360bfb00e8b', 'Musica'),
	('aab6f969-31b2-432c-9e77-ab472cda6a38', 'Pais o Capital'),
	('e5b1c619-897f-4727-8fdf-7842c5d94982', 'Objeto');
/*!40000 ALTER TABLE "Category" ENABLE KEYS */;

-- Volcando estructura para tabla db_a76b7c_jsmartin.Letter
CREATE TABLE IF NOT EXISTS "Letter" (
	"LetterID" NVARCHAR(450) NOT NULL COLLATE 'SQL_Latin1_General_CP1_CI_AS',
	"LetterName" NVARCHAR(1) NOT NULL COLLATE 'SQL_Latin1_General_CP1_CI_AS',
	PRIMARY KEY ("LetterID")
);

-- Volcando datos para la tabla db_a76b7c_jsmartin.Letter: -1 rows
/*!40000 ALTER TABLE "Letter" DISABLE KEYS */;
INSERT INTO "Letter" ("LetterID", "LetterName") VALUES
	('13121ec9-c4ec-438e-bca8-6d05a2ad89af', 'o'),
	('1d61c489-95de-4d9c-a365-9c7a49eeeeee', 'a'),
	('bf03fb74-cc5e-487e-b70d-1fa26044ec17', 'u'),
	('c1605710-9858-47a3-b635-0127fcf7304c', 'i'),
	('ce85ed33-5702-455a-95ef-a08f559c1b1b', 'e');
/*!40000 ALTER TABLE "Letter" ENABLE KEYS */;

-- Volcando estructura para tabla db_a76b7c_jsmartin.Player
CREATE TABLE IF NOT EXISTS "Player" (
	"PlayerID" NVARCHAR(450) NOT NULL COLLATE 'SQL_Latin1_General_CP1_CI_AS',
	"PlayerName" NVARCHAR(max) NULL DEFAULT NULL COLLATE 'SQL_Latin1_General_CP1_CI_AS',
	"Password" NVARCHAR(max) NULL DEFAULT NULL COLLATE 'SQL_Latin1_General_CP1_CI_AS',
	PRIMARY KEY ("PlayerID")
);

-- Volcando datos para la tabla db_a76b7c_jsmartin.Player: -1 rows
/*!40000 ALTER TABLE "Player" DISABLE KEYS */;
INSERT INTO "Player" ("PlayerID", "PlayerName", "Password") VALUES
	('0d4c4ce1-a554-43f3-9861-0deb863289da', 'CRISTIAN', '123123'),
	('3a00232c-3597-4e40-bda5-b2a8202eeed2', 'CHARLY', '1234'),
	('51e8edc0-71fc-4d73-bc84-c12241428d09', 'MOLY', 'moly'),
	('6cc62baf-a1fc-4216-8da0-64626cd92936', 'JUAMPI', '123456789'),
	('8663a418-7d64-454e-91fd-3c6c00269d6d', 'SEBASTIAN', 'Gringo544'),
	('f02972a2-7041-41f7-8b92-243fb5e168ef', 'JESU', '1234');
/*!40000 ALTER TABLE "Player" ENABLE KEYS */;

-- Volcando estructura para tabla db_a76b7c_jsmartin.PlayerSession
CREATE TABLE IF NOT EXISTS "PlayerSession" (
	"PlayerSessionID" NVARCHAR(450) NOT NULL COLLATE 'SQL_Latin1_General_CP1_CI_AS',
	"PlayerID" NVARCHAR(450) NULL DEFAULT NULL COLLATE 'SQL_Latin1_General_CP1_CI_AS',
	"SessionID" NVARCHAR(450) NULL DEFAULT NULL COLLATE 'SQL_Latin1_General_CP1_CI_AS',
	PRIMARY KEY ("PlayerSessionID"),
	FOREIGN KEY INDEX "FK_PlayerSession_Player_PlayerID" ("PlayerID"),
	FOREIGN KEY INDEX "FK_PlayerSession_Session_SessionID" ("SessionID"),
	CONSTRAINT "FK_PlayerSession_Player_PlayerID" FOREIGN KEY ("PlayerID") REFERENCES "Player" ("PlayerID") ON UPDATE NO_ACTION ON DELETE NO_ACTION,
	CONSTRAINT "FK_PlayerSession_Session_SessionID" FOREIGN KEY ("SessionID") REFERENCES "Session" ("SessionID") ON UPDATE NO_ACTION ON DELETE NO_ACTION
);

-- Volcando datos para la tabla db_a76b7c_jsmartin.PlayerSession: -1 rows
/*!40000 ALTER TABLE "PlayerSession" DISABLE KEYS */;
/*!40000 ALTER TABLE "PlayerSession" ENABLE KEYS */;

-- Volcando estructura para tabla db_a76b7c_jsmartin.Round
CREATE TABLE IF NOT EXISTS "Round" (
	"RoundID" NVARCHAR(450) NOT NULL COLLATE 'SQL_Latin1_General_CP1_CI_AS',
	"SessionID" NVARCHAR(450) NULL DEFAULT NULL COLLATE 'SQL_Latin1_General_CP1_CI_AS',
	"LetterID" NVARCHAR(450) NULL DEFAULT NULL COLLATE 'SQL_Latin1_General_CP1_CI_AS',
	"Finished" BIT NOT NULL DEFAULT 'CONVERT([bit],(0))',
	"roundNumber" INT NOT NULL DEFAULT '(0)',
	PRIMARY KEY ("RoundID"),
	FOREIGN KEY INDEX "FK_Round_Letter_LetterID" ("LetterID"),
	FOREIGN KEY INDEX "FK_Round_Session_SessionID" ("SessionID"),
	CONSTRAINT "FK_Round_Letter_LetterID" FOREIGN KEY ("LetterID") REFERENCES "Letter" ("LetterID") ON UPDATE NO_ACTION ON DELETE NO_ACTION,
	CONSTRAINT "FK_Round_Session_SessionID" FOREIGN KEY ("SessionID") REFERENCES "Session" ("SessionID") ON UPDATE NO_ACTION ON DELETE NO_ACTION
);

-- Volcando datos para la tabla db_a76b7c_jsmartin.Round: -1 rows
/*!40000 ALTER TABLE "Round" DISABLE KEYS */;
/*!40000 ALTER TABLE "Round" ENABLE KEYS */;

-- Volcando estructura para tabla db_a76b7c_jsmartin.RoundCategory
CREATE TABLE IF NOT EXISTS "RoundCategory" (
	"RoundCategoryID" NVARCHAR(450) NOT NULL COLLATE 'SQL_Latin1_General_CP1_CI_AS',
	"CategoryID" NVARCHAR(450) NULL DEFAULT NULL COLLATE 'SQL_Latin1_General_CP1_CI_AS',
	"RoundID" NVARCHAR(450) NULL DEFAULT NULL COLLATE 'SQL_Latin1_General_CP1_CI_AS',
	PRIMARY KEY ("RoundCategoryID"),
	FOREIGN KEY INDEX "FK_RoundCategory_Category_CategoryID" ("CategoryID"),
	FOREIGN KEY INDEX "FK_RoundCategory_Round_RoundID" ("RoundID"),
	CONSTRAINT "FK_RoundCategory_Category_CategoryID" FOREIGN KEY ("CategoryID") REFERENCES "Category" ("CategoryID") ON UPDATE NO_ACTION ON DELETE NO_ACTION,
	CONSTRAINT "FK_RoundCategory_Round_RoundID" FOREIGN KEY ("RoundID") REFERENCES "Round" ("RoundID") ON UPDATE NO_ACTION ON DELETE NO_ACTION
);

-- Volcando datos para la tabla db_a76b7c_jsmartin.RoundCategory: -1 rows
/*!40000 ALTER TABLE "RoundCategory" DISABLE KEYS */;
/*!40000 ALTER TABLE "RoundCategory" ENABLE KEYS */;

-- Volcando estructura para tabla db_a76b7c_jsmartin.RoundResult
CREATE TABLE IF NOT EXISTS "RoundResult" (
	"RoundResultID" NVARCHAR(450) NOT NULL COLLATE 'SQL_Latin1_General_CP1_CI_AS',
	"StatusPlayer" INT NOT NULL,
	"RoundID" NVARCHAR(450) NULL DEFAULT NULL COLLATE 'SQL_Latin1_General_CP1_CI_AS',
	"PlayerID" NVARCHAR(450) NULL DEFAULT NULL COLLATE 'SQL_Latin1_General_CP1_CI_AS',
	"CorrectWords" INT NOT NULL,
	"Time" REAL NOT NULL DEFAULT 'CONVERT([real],(0))',
	PRIMARY KEY ("RoundResultID"),
	FOREIGN KEY INDEX "FK_RoundResult_Player_PlayerID" ("PlayerID"),
	FOREIGN KEY INDEX "FK_RoundResult_Round_RoundID" ("RoundID"),
	CONSTRAINT "FK_RoundResult_Player_PlayerID" FOREIGN KEY ("PlayerID") REFERENCES "Player" ("PlayerID") ON UPDATE NO_ACTION ON DELETE NO_ACTION,
	CONSTRAINT "FK_RoundResult_Round_RoundID" FOREIGN KEY ("RoundID") REFERENCES "Round" ("RoundID") ON UPDATE NO_ACTION ON DELETE NO_ACTION
);

-- Volcando datos para la tabla db_a76b7c_jsmartin.RoundResult: -1 rows
/*!40000 ALTER TABLE "RoundResult" DISABLE KEYS */;
/*!40000 ALTER TABLE "RoundResult" ENABLE KEYS */;

-- Volcando estructura para tabla db_a76b7c_jsmartin.Session
CREATE TABLE IF NOT EXISTS "Session" (
	"SessionID" NVARCHAR(450) NOT NULL COLLATE 'SQL_Latin1_General_CP1_CI_AS',
	"isActive" BIT NOT NULL DEFAULT 'CONVERT([bit],(0))',
	PRIMARY KEY ("SessionID")
);

-- Volcando datos para la tabla db_a76b7c_jsmartin.Session: -1 rows
/*!40000 ALTER TABLE "Session" DISABLE KEYS */;
/*!40000 ALTER TABLE "Session" ENABLE KEYS */;

-- Volcando estructura para tabla db_a76b7c_jsmartin.SessionResult
CREATE TABLE IF NOT EXISTS "SessionResult" (
	"SessionResultID" NVARCHAR(450) NOT NULL COLLATE 'SQL_Latin1_General_CP1_CI_AS',
	"StatusPlayer" INT NOT NULL,
	"SessionID" NVARCHAR(450) NULL DEFAULT NULL COLLATE 'SQL_Latin1_General_CP1_CI_AS',
	"PlayerID" NVARCHAR(450) NULL DEFAULT NULL COLLATE 'SQL_Latin1_General_CP1_CI_AS',
	PRIMARY KEY ("SessionResultID"),
	FOREIGN KEY INDEX "FK_SessionResult_Player_PlayerID" ("PlayerID"),
	FOREIGN KEY INDEX "FK_SessionResult_Session_SessionID" ("SessionID"),
	CONSTRAINT "FK_SessionResult_Player_PlayerID" FOREIGN KEY ("PlayerID") REFERENCES "Player" ("PlayerID") ON UPDATE NO_ACTION ON DELETE NO_ACTION,
	CONSTRAINT "FK_SessionResult_Session_SessionID" FOREIGN KEY ("SessionID") REFERENCES "Session" ("SessionID") ON UPDATE NO_ACTION ON DELETE NO_ACTION
);

-- Volcando datos para la tabla db_a76b7c_jsmartin.SessionResult: -1 rows
/*!40000 ALTER TABLE "SessionResult" DISABLE KEYS */;
/*!40000 ALTER TABLE "SessionResult" ENABLE KEYS */;

-- Volcando estructura para tabla db_a76b7c_jsmartin.Turn
CREATE TABLE IF NOT EXISTS "Turn" (
	"TurnID" NVARCHAR(450) NOT NULL COLLATE 'SQL_Latin1_General_CP1_CI_AS',
	"PlayerID" NVARCHAR(450) NULL DEFAULT NULL COLLATE 'SQL_Latin1_General_CP1_CI_AS',
	"RoundID" NVARCHAR(450) NULL DEFAULT NULL COLLATE 'SQL_Latin1_General_CP1_CI_AS',
	"correctAnswers" INT NOT NULL DEFAULT '(0)',
	"finishTime" REAL NOT NULL DEFAULT 'CONVERT([real],(0))',
	"finished" BIT NOT NULL DEFAULT 'CONVERT([bit],(0))',
	"turnNumber" INT NOT NULL DEFAULT '(0)',
	PRIMARY KEY ("TurnID"),
	FOREIGN KEY INDEX "FK_Turn_Player_PlayerID" ("PlayerID"),
	FOREIGN KEY INDEX "FK_Turn_Round_RoundID" ("RoundID"),
	CONSTRAINT "FK_Turn_Player_PlayerID" FOREIGN KEY ("PlayerID") REFERENCES "Player" ("PlayerID") ON UPDATE NO_ACTION ON DELETE NO_ACTION,
	CONSTRAINT "FK_Turn_Round_RoundID" FOREIGN KEY ("RoundID") REFERENCES "Round" ("RoundID") ON UPDATE NO_ACTION ON DELETE NO_ACTION
);

-- Volcando datos para la tabla db_a76b7c_jsmartin.Turn: -1 rows
/*!40000 ALTER TABLE "Turn" DISABLE KEYS */;
/*!40000 ALTER TABLE "Turn" ENABLE KEYS */;

-- Volcando estructura para tabla db_a76b7c_jsmartin.Word
CREATE TABLE IF NOT EXISTS "Word" (
	"WordID" NVARCHAR(450) NOT NULL COLLATE 'SQL_Latin1_General_CP1_CI_AS',
	"WordName" NVARCHAR(max) NULL DEFAULT NULL COLLATE 'SQL_Latin1_General_CP1_CI_AS',
	"LetterID" NVARCHAR(450) NULL DEFAULT NULL COLLATE 'SQL_Latin1_General_CP1_CI_AS',
	PRIMARY KEY ("WordID"),
	FOREIGN KEY INDEX "FK_Word_Letter_LetterID" ("LetterID"),
	CONSTRAINT "FK_Word_Letter_LetterID" FOREIGN KEY ("LetterID") REFERENCES "Letter" ("LetterID") ON UPDATE NO_ACTION ON DELETE NO_ACTION
);

-- Volcando datos para la tabla db_a76b7c_jsmartin.Word: -1 rows
/*!40000 ALTER TABLE "Word" DISABLE KEYS */;
INSERT INTO "Word" ("WordID", "WordName", "LetterID") VALUES
	('00502284-0ba0-4b4b-87b8-a8353e34c769', 'Erizo de mar', 'ce85ed33-5702-455a-95ef-a08f559c1b1b'),
	('007c100d-7014-4b3f-806a-563e1b679044', 'Urna', 'bf03fb74-cc5e-487e-b70d-1fa26044ec17'),
	('00a29e67-564e-4e14-afbd-0114901caf07', 'Erevan', 'ce85ed33-5702-455a-95ef-a08f559c1b1b'),
	('02e43399-9a5d-4926-b8b7-b1835546cd3d', 'Iguana', 'c1605710-9858-47a3-b635-0127fcf7304c'),
	('0302473d-14c3-42bd-a79c-081fe5e36edd', 'Egipto', 'ce85ed33-5702-455a-95ef-a08f559c1b1b'),
	('03403086-e61a-4a23-a5f9-3b1a7cdcf08f', 'Isla', 'c1605710-9858-47a3-b635-0127fcf7304c'),
	('04c52a2e-0c01-4431-b31d-264f247189a8', 'Esmeralda', 'ce85ed33-5702-455a-95ef-a08f559c1b1b'),
	('050a90ac-0006-4fd3-96d6-e241227368b5', 'Añil', '1d61c489-95de-4d9c-a365-9c7a49eeeeee'),
	('06601538-8674-49c6-9c9a-0700a5670df2', 'Anabelle', '1d61c489-95de-4d9c-a365-9c7a49eeeeee'),
	('06c7618a-5ca7-4cb4-b315-d58c7158f3a7', 'Abanico', '1d61c489-95de-4d9c-a365-9c7a49eeeeee'),
	('099411aa-cf21-466c-aeb2-96ccb8b49c80', 'Arctic Monkeys', '1d61c489-95de-4d9c-a365-9c7a49eeeeee'),
	('0adb09d6-fc32-4f3a-b172-621a05128f3e', 'Uagadugu', 'bf03fb74-cc5e-487e-b70d-1fa26044ec17'),
	('0b58dbdc-ab88-41b1-8aea-36d2472709c6', 'Aladin', '1d61c489-95de-4d9c-a365-9c7a49eeeeee'),
	('0bc52845-e8c4-41a3-b35e-84bb06833072', 'Ultramar', 'bf03fb74-cc5e-487e-b70d-1fa26044ec17'),
	('0ce90878-58f7-4c95-8911-139397d12954', 'Emu', 'ce85ed33-5702-455a-95ef-a08f559c1b1b'),
	('0e020dd3-23a4-4e93-8ac1-b2e03f93c662', 'Emanuelle', 'ce85ed33-5702-455a-95ef-a08f559c1b1b'),
	('0fedd051-6c77-4005-91c7-fd0026b9cd06', 'Utensillo', 'bf03fb74-cc5e-487e-b70d-1fa26044ec17'),
	('1140c7e6-95fd-496c-a431-d415f9ab4782', 'Impala', 'c1605710-9858-47a3-b635-0127fcf7304c'),
	('11a592d2-5e84-49fa-bf9b-e73d0f5d37ab', 'Apocalyptica', '1d61c489-95de-4d9c-a365-9c7a49eeeeee'),
	('11a8cec1-0acf-41a2-8cf2-ce0f41b90ce1', 'Indano', 'c1605710-9858-47a3-b635-0127fcf7304c'),
	('14e2447d-b73a-429f-ade3-8a5d8d9847f3', 'Inglaterra', 'c1605710-9858-47a3-b635-0127fcf7304c'),
	('166cd253-fd20-4e58-8895-7920d7e04c6e', 'Underworld', 'bf03fb74-cc5e-487e-b70d-1fa26044ec17'),
	('175f3bc6-cb90-4fde-9a58-8ee70c1ead8b', 'Embudo', 'ce85ed33-5702-455a-95ef-a08f559c1b1b'),
	('18f96d0c-c7a2-4a05-a912-0dcdba489d58', 'Incienzo', 'c1605710-9858-47a3-b635-0127fcf7304c'),
	('195dbe58-0e8e-4591-9bb9-4d93d717c380', 'Alicia', '1d61c489-95de-4d9c-a365-9c7a49eeeeee'),
	('1979d3c2-893a-41ba-8f68-8479986976bc', 'Escoba', 'ce85ed33-5702-455a-95ef-a08f559c1b1b'),
	('199c724c-6c70-4253-8fe7-6b2179b248cb', 'ajo', '1d61c489-95de-4d9c-a365-9c7a49eeeeee'),
	('1a4bcef0-13a5-446a-805a-01d28e4c46b1', 'Urraca', 'bf03fb74-cc5e-487e-b70d-1fa26044ec17'),
	('1bce3074-fc82-4415-a4a6-12d1166f645a', 'Ornitorrinco', '13121ec9-c4ec-438e-bca8-6d05a2ad89af'),
	('1c0cb42e-1354-4421-8394-70418bded9d4', 'Ecuador', 'ce85ed33-5702-455a-95ef-a08f559c1b1b'),
	('1e108329-8de3-4b4f-83d4-b39f09846d63', 'El Hombre Invisible', 'ce85ed33-5702-455a-95ef-a08f559c1b1b'),
	('1e81073a-4f63-41a7-aab8-efaff9acbd8c', 'Oliva', '13121ec9-c4ec-438e-bca8-6d05a2ad89af'),
	('1e9f0245-a48a-45fc-9e86-399b65163aa1', 'Iglu', 'c1605710-9858-47a3-b635-0127fcf7304c'),
	('1ec5d13b-6f42-4e81-9877-0efd0ddec211', 'Aguamarino', '1d61c489-95de-4d9c-a365-9c7a49eeeeee'),
	('237e1b57-ad42-4fd6-b976-113dc08c8840', 'Uganda', 'bf03fb74-cc5e-487e-b70d-1fa26044ec17'),
	('239a291a-e63a-4480-8c2f-e12aa43392bf', 'Abba', '1d61c489-95de-4d9c-a365-9c7a49eeeeee'),
	('24f7e293-c869-4b12-a319-3dd1edf1f9b6', 'Iguana', 'c1605710-9858-47a3-b635-0127fcf7304c'),
	('26eca107-cdf4-410b-a04a-529ce4ae213a', 'Equipo', 'ce85ed33-5702-455a-95ef-a08f559c1b1b'),
	('274ec474-9269-46c7-9c96-0138c5cbbbab', 'Alejandro Sanz', '1d61c489-95de-4d9c-a365-9c7a49eeeeee'),
	('275d7973-e1cd-4d44-9a36-29e8c4bac6da', 'Organo', '13121ec9-c4ec-438e-bca8-6d05a2ad89af'),
	('2836b5ac-e9c7-49c2-8004-9caaf8256021', 'India', 'c1605710-9858-47a3-b635-0127fcf7304c'),
	('2865149c-1fda-4420-b877-1cf79165f98e', 'Islamabad', 'c1605710-9858-47a3-b635-0127fcf7304c'),
	('29c7ffa7-1dc6-4852-ba06-02af655e8add', 'Escarabajo', 'ce85ed33-5702-455a-95ef-a08f559c1b1b'),
	('29f3ca77-1ecb-4187-b10c-d40b514dd7e4', 'El Exorcista', 'ce85ed33-5702-455a-95ef-a08f559c1b1b'),
	('2a8fbb95-6921-46ba-82ee-e55e3db3c981', 'Indigo', 'c1605710-9858-47a3-b635-0127fcf7304c'),
	('2bce98c5-fb93-4e65-a88c-fc7ac90836f0', 'Eclipse', 'ce85ed33-5702-455a-95ef-a08f559c1b1b'),
	('2bf7d22a-3c79-4605-9204-02537eb2b864', 'Argelia', '1d61c489-95de-4d9c-a365-9c7a49eeeeee'),
	('2c004b84-b2c2-4d16-aca5-fa9f15fdeab0', 'Arco', '1d61c489-95de-4d9c-a365-9c7a49eeeeee'),
	('2c47a5ca-202d-4fc7-886b-2feccd63455a', 'El Milagro', 'ce85ed33-5702-455a-95ef-a08f559c1b1b'),
	('2f61a65e-74da-42ab-9f22-2b6821222e41', 'Oliver Stone', '13121ec9-c4ec-438e-bca8-6d05a2ad89af'),
	('304235b4-4d39-46bb-be31-eaef33dee43a', 'Avicii', '1d61c489-95de-4d9c-a365-9c7a49eeeeee'),
	('3066a63c-861e-4a64-ba2b-a91e09df2338', 'Estados Unidos', 'ce85ed33-5702-455a-95ef-a08f559c1b1b'),
	('30a8e939-f99f-4fba-ada3-457cefcb2e66', 'Olga Guillot', '13121ec9-c4ec-438e-bca8-6d05a2ad89af'),
	('313d63dd-1238-43b1-8019-8d61fd970a4b', 'Oslo', '13121ec9-c4ec-438e-bca8-6d05a2ad89af'),
	('3181289a-b1e1-4949-8fea-ad7bd0cd88c5', 'Alemania', '1d61c489-95de-4d9c-a365-9c7a49eeeeee'),
	('32552c86-769e-4d6d-b7b8-8c06733102ef', 'Unidos', 'bf03fb74-cc5e-487e-b70d-1fa26044ec17'),
	('32d81798-b4c4-4154-add0-7dc83887b60b', 'Iron Maiden', 'c1605710-9858-47a3-b635-0127fcf7304c'),
	('33056fd6-0412-4c7e-93c2-dab54ddbf31c', 'El imperio del sol', 'ce85ed33-5702-455a-95ef-a08f559c1b1b'),
	('330b1ee6-4c25-4c6f-a5d6-429ff4f5d4fd', 'Ortiga', '13121ec9-c4ec-438e-bca8-6d05a2ad89af'),
	('3346a77e-c899-421a-b291-3c1b423fdd42', 'Evangelion', 'ce85ed33-5702-455a-95ef-a08f559c1b1b'),
	('33589bbf-8bfe-4830-b7c2-8d3178a167e9', 'El Orfanato', 'ce85ed33-5702-455a-95ef-a08f559c1b1b'),
	('34bbee2f-d38f-4b54-8059-6d2299ec37c9', 'Elton John', 'ce85ed33-5702-455a-95ef-a08f559c1b1b'),
	('34fe8b89-8abe-46eb-9013-30a5f3f42dd6', 'Indonesia', 'c1605710-9858-47a3-b635-0127fcf7304c'),
	('36ad311a-dc0b-4bb4-99b2-4a1020cb890c', 'Adorno', '1d61c489-95de-4d9c-a365-9c7a49eeeeee'),
	('36c47f60-53b3-4805-842c-d68d5e393e92', 'Oblea', '13121ec9-c4ec-438e-bca8-6d05a2ad89af'),
	('37d9a8c3-116c-4144-9e5b-cd02b7795254', 'Ebano', 'ce85ed33-5702-455a-95ef-a08f559c1b1b'),
	('37da8051-c180-456e-ad5d-23d48c9fffbd', 'Utopia', 'bf03fb74-cc5e-487e-b70d-1fa26044ec17'),
	('38d4a406-778b-4c36-a5e9-d597163a6e01', 'Aviones', '1d61c489-95de-4d9c-a365-9c7a49eeeeee'),
	('3918f942-7571-408c-a486-53ea91100f1d', 'Uva', 'bf03fb74-cc5e-487e-b70d-1fa26044ec17'),
	('399079f8-4778-4bf0-9101-b25cdb692ed4', 'Oruga', '13121ec9-c4ec-438e-bca8-6d05a2ad89af'),
	('3ab4506d-6278-44a1-ad1b-de1f8cc9148a', 'Eagles', 'ce85ed33-5702-455a-95ef-a08f559c1b1b'),
	('3c43160b-105e-49e6-9f61-9cb079fbb2c8', 'Abono', '1d61c489-95de-4d9c-a365-9c7a49eeeeee'),
	('3c9c54fb-51a7-4c0f-8948-bdd3b1491e0e', 'Eric Clapton', 'ce85ed33-5702-455a-95ef-a08f559c1b1b'),
	('3d439c8c-abe6-4aea-b036-db548c3fde0f', 'Espiral', 'ce85ed33-5702-455a-95ef-a08f559c1b1b'),
	('3d5463d7-63e2-40ed-ba5c-e5f9c4202566', 'Abel Pintos', '1d61c489-95de-4d9c-a365-9c7a49eeeeee'),
	('3dabdf96-ab73-4757-94a6-ad2def446b29', 'Agrupacion Marilyn', '1d61c489-95de-4d9c-a365-9c7a49eeeeee'),
	('3e662a45-8a39-42d0-ac0c-cd160ba98c52', 'Escaramujo', 'ce85ed33-5702-455a-95ef-a08f559c1b1b'),
	('403d6acd-fd34-425c-a09b-7667860b15b9', 'Italia', 'c1605710-9858-47a3-b635-0127fcf7304c'),
	('40b65a2e-61bd-47c7-b913-906ac81a8bc9', 'Elefante Blanco', 'ce85ed33-5702-455a-95ef-a08f559c1b1b'),
	('44792b8d-9366-4141-a9d0-e80a46c3a71f', 'Uva pasa', 'bf03fb74-cc5e-487e-b70d-1fa26044ec17'),
	('44cffe9f-dc4e-4788-b8d1-bb5a067fe9a6', 'Erizo', 'ce85ed33-5702-455a-95ef-a08f559c1b1b'),
	('46f97e36-5fa3-4297-82a5-7f18963a4cde', 'El Resplandor', 'ce85ed33-5702-455a-95ef-a08f559c1b1b'),
	('4706a953-23d9-4270-b004-a47f4474939a', 'Ironmaden', 'c1605710-9858-47a3-b635-0127fcf7304c'),
	('47b7e57b-44f4-405d-8f32-bfd40df0829a', 'Uva', 'bf03fb74-cc5e-487e-b70d-1fa26044ec17'),
	('4847595b-db16-4c1a-bc10-31d2f1878482', 'IT', 'c1605710-9858-47a3-b635-0127fcf7304c'),
	('485d3971-193b-400b-8240-4c259fe965fa', 'Elote', 'ce85ed33-5702-455a-95ef-a08f559c1b1b'),
	('4939699d-32ab-4e9f-80da-bacf3ea0804a', 'Armageddon', '1d61c489-95de-4d9c-a365-9c7a49eeeeee'),
	('4a38c657-10d7-4116-948a-679946a22c41', 'Eucalypto', 'ce85ed33-5702-455a-95ef-a08f559c1b1b'),
	('4b083304-9014-4c1f-b739-077a30e62b43', 'Uganda', 'bf03fb74-cc5e-487e-b70d-1fa26044ec17'),
	('4ed5b62c-901b-4712-a4b4-1346796066de', 'Alan Parsons', '1d61c489-95de-4d9c-a365-9c7a49eeeeee'),
	('4ee33561-64f7-441e-847b-da77aa04aa8a', 'Estilete', 'ce85ed33-5702-455a-95ef-a08f559c1b1b'),
	('4f0350a0-585d-44d8-ba88-aa3525db01db', 'Intoxicados', 'c1605710-9858-47a3-b635-0127fcf7304c'),
	('4f170b59-f4c8-469f-b131-77455b09cae3', 'Arabia Saudi', '1d61c489-95de-4d9c-a365-9c7a49eeeeee'),
	('4fbc1221-d3e3-41d1-affc-518369b3e904', 'Abejaruco Esmeralda', '1d61c489-95de-4d9c-a365-9c7a49eeeeee'),
	('5149277d-1719-4e94-899c-506a24d2dbab', 'Usher', 'bf03fb74-cc5e-487e-b70d-1fa26044ec17'),
	('519f4318-794b-4fe5-9432-cc7a2d9f9c7d', 'Oman', '13121ec9-c4ec-438e-bca8-6d05a2ad89af'),
	('51b7637d-f0e4-4ca3-a60c-15ac4c6ddb72', 'Eragorn', 'ce85ed33-5702-455a-95ef-a08f559c1b1b'),
	('522741b5-329a-49bc-a066-86ffb1dd14aa', 'Iggy Azalea', 'c1605710-9858-47a3-b635-0127fcf7304c'),
	('543d8b7a-891c-49dc-81e8-ba572ea8b8bb', 'Incubus', 'c1605710-9858-47a3-b635-0127fcf7304c'),
	('55d9b7cf-9fa6-4488-aef4-dad60c6a5c72', 'Anana', '1d61c489-95de-4d9c-a365-9c7a49eeeeee'),
	('569b3908-a600-4462-8de4-c10012ee370a', 'Ocelote', '13121ec9-c4ec-438e-bca8-6d05a2ad89af'),
	('57a82c6b-0627-4efa-bb8e-88540cfd0f4c', 'Una mente brillante', 'bf03fb74-cc5e-487e-b70d-1fa26044ec17'),
	('581d3a83-36eb-424e-8711-a113491be6af', 'Elvis', 'ce85ed33-5702-455a-95ef-a08f559c1b1b'),
	('58853d17-4d16-48e4-8f10-9c6156eb2fbd', 'El Origen', 'ce85ed33-5702-455a-95ef-a08f559c1b1b'),
	('58dec0e4-41a2-429a-8019-64141b2e6e17', 'Accra', '1d61c489-95de-4d9c-a365-9c7a49eeeeee'),
	('5b3e6386-c205-4b75-863a-1311833c39a0', 'Aguamarina', '1d61c489-95de-4d9c-a365-9c7a49eeeeee'),
	('5b9eaff0-0e96-449f-875c-1f6e494db92c', 'Irak', 'c1605710-9858-47a3-b635-0127fcf7304c'),
	('5d016acf-01c5-4c11-8484-c77aaf0d2bab', 'Ukelele', 'bf03fb74-cc5e-487e-b70d-1fa26044ec17'),
	('5d56436a-23b9-4568-bcba-ad3ba3d2e09f', 'Escuadra', 'ce85ed33-5702-455a-95ef-a08f559c1b1b'),
	('5d9de8e9-4db0-4335-b8aa-09d2d28b5406', 'Austria', '1d61c489-95de-4d9c-a365-9c7a49eeeeee'),
	('5f7943d6-62f0-4f97-946b-ff7119569846', 'Araña', '1d61c489-95de-4d9c-a365-9c7a49eeeeee'),
	('5f8c656d-1b45-4c77-9fb5-28408b6a827e', 'Uva', 'bf03fb74-cc5e-487e-b70d-1fa26044ec17'),
	('5f92f4e0-4b2c-4196-b514-ca673f09eb36', 'Alicia Keys', '1d61c489-95de-4d9c-a365-9c7a49eeeeee'),
	('603c198c-49de-46fc-b486-865ce856fd42', 'Ocre', '13121ec9-c4ec-438e-bca8-6d05a2ad89af'),
	('60449b47-4f3d-46a4-b8e5-f7cc47d804c9', 'Abejorro', '1d61c489-95de-4d9c-a365-9c7a49eeeeee'),
	('610c3236-f12d-4fa6-8f53-b0de80ba0de1', 'Aguacate', '1d61c489-95de-4d9c-a365-9c7a49eeeeee'),
	('62059ac2-eced-4013-aa03-d6781622d553', 'Iceberg', 'c1605710-9858-47a3-b635-0127fcf7304c'),
	('62137881-c3d8-46c4-95b8-3d77daa57c04', 'Abeja', '1d61c489-95de-4d9c-a365-9c7a49eeeeee'),
	('638f10c8-6f29-43bb-9c33-52feac532446', 'Oca', '13121ec9-c4ec-438e-bca8-6d05a2ad89af'),
	('63b8f61e-b271-47cd-a417-8c83e34319d2', 'Ultravioleta', 'bf03fb74-cc5e-487e-b70d-1fa26044ec17'),
	('63c42c23-19d1-4e95-9184-27e3e8cc6b15', 'Ozuna', '13121ec9-c4ec-438e-bca8-6d05a2ad89af'),
	('63ec3b0b-7055-4348-a312-3a0a5bb79afb', 'Alien', '1d61c489-95de-4d9c-a365-9c7a49eeeeee'),
	('6472d523-ce8b-4e1d-af6d-66f1d9ba0072', 'Antilope', '1d61c489-95de-4d9c-a365-9c7a49eeeeee'),
	('65447e72-b41c-4925-9c89-e16763ce60f0', 'El cuarteto de nos', 'ce85ed33-5702-455a-95ef-a08f559c1b1b'),
	('661f49a8-05f1-45e6-8219-fa3081d72898', 'Alfombra', '1d61c489-95de-4d9c-a365-9c7a49eeeeee'),
	('66931960-8d69-4c53-827b-28fa8674ba87', 'Ironman', 'c1605710-9858-47a3-b635-0127fcf7304c'),
	('66d565f4-7dd4-4b29-ad98-ed3533da5689', 'Anaranjado', '1d61c489-95de-4d9c-a365-9c7a49eeeeee'),
	('670e7c84-09a0-48b9-9b34-b77c8f87188f', 'Ostra', '13121ec9-c4ec-438e-bca8-6d05a2ad89af'),
	('678ad516-951d-4818-9335-16827eb91e9b', 'Aladdín', '1d61c489-95de-4d9c-a365-9c7a49eeeeee'),
	('6ae83046-2321-4b24-a3d3-195ead071b26', 'Ucrania', 'bf03fb74-cc5e-487e-b70d-1fa26044ec17'),
	('6bd81489-380b-4c62-8feb-e0a5936d01d4', 'Angola', '1d61c489-95de-4d9c-a365-9c7a49eeeeee'),
	('6be371e6-b426-4131-9b66-3a7a3190fa7b', 'Ottawa', '13121ec9-c4ec-438e-bca8-6d05a2ad89af'),
	('6d0e6312-ed7e-41de-9a2a-40ba917ef5f0', 'Oleo', '13121ec9-c4ec-438e-bca8-6d05a2ad89af'),
	('6d2bbd22-b36d-4de0-94fb-ffc75c7316f7', 'Unguento', 'bf03fb74-cc5e-487e-b70d-1fa26044ec17'),
	('6d6a4ac2-92a1-4806-8368-d87476de5fc2', 'Enrique Iglesias', 'ce85ed33-5702-455a-95ef-a08f559c1b1b'),
	('6f87507d-719c-41a9-a07e-5888a6cbfd76', 'Alicia a traves del espejo', '1d61c489-95de-4d9c-a365-9c7a49eeeeee'),
	('711ed229-e2a4-4c48-847e-93d20e8d2fbd', 'El Cairo', 'ce85ed33-5702-455a-95ef-a08f559c1b1b'),
	('719b4251-e0bc-4f95-a682-fb7b23ba6c0c', 'Eclipse Total', 'ce85ed33-5702-455a-95ef-a08f559c1b1b'),
	('7252e728-525b-4a73-b2e1-d97d075d3471', 'Amistad', '1d61c489-95de-4d9c-a365-9c7a49eeeeee'),
	('72fa8308-c11c-444f-8991-78ef2f07612f', 'Estocolmo', 'ce85ed33-5702-455a-95ef-a08f559c1b1b'),
	('7430c3c6-1afb-4990-9add-115eb700d1fc', 'Uchuva', 'bf03fb74-cc5e-487e-b70d-1fa26044ec17'),
	('7431bd2e-2f74-41ac-9245-411a6da05d36', 'Azul', '1d61c489-95de-4d9c-a365-9c7a49eeeeee'),
	('74fe0f95-e11c-4b73-b54e-8b019ddda91d', 'Islandia', 'c1605710-9858-47a3-b635-0127fcf7304c'),
	('77868c67-c6f0-4b72-8e3a-c537159ac133', 'Encaje antiguo', 'ce85ed33-5702-455a-95ef-a08f559c1b1b'),
	('7817b292-c15d-4d0c-8cce-5d7fe2a5a25f', 'El hoyo', 'ce85ed33-5702-455a-95ef-a08f559c1b1b'),
	('7d763bd1-1ea6-465d-b6d1-c01ef94e95cb', 'Iron Savior', 'c1605710-9858-47a3-b635-0127fcf7304c'),
	('7e453fcd-4e9f-4605-965e-47762ebef177', 'Escuadrón Suicida', 'ce85ed33-5702-455a-95ef-a08f559c1b1b'),
	('7e5b2e6e-c42f-4ea8-9c20-4193c906f54e', 'Aruba', '1d61c489-95de-4d9c-a365-9c7a49eeeeee'),
	('7f1386d6-9e1f-49ae-a3b9-71bf8c7b11f2', 'Oro', '13121ec9-c4ec-438e-bca8-6d05a2ad89af'),
	('7fa9f388-85a3-4dd7-abd3-65153d29ffd0', 'El irlandes', 'ce85ed33-5702-455a-95ef-a08f559c1b1b'),
	('80f71ee6-6c0b-41e3-82c2-2bd6315968d5', 'Olla', '13121ec9-c4ec-438e-bca8-6d05a2ad89af'),
	('81c8b5bb-8dd0-4962-a730-38ac73586f68', 'OVNI', '13121ec9-c4ec-438e-bca8-6d05a2ad89af'),
	('81d2f4df-9d06-441c-adee-72b445ad2f1c', 'In the dark', 'c1605710-9858-47a3-b635-0127fcf7304c'),
	('8237b2f3-e960-408a-b9f1-1483ac8e84b2', 'Ungüento', 'bf03fb74-cc5e-487e-b70d-1fa26044ec17'),
	('82c3ec2d-f3b8-4162-bd59-f4bc3b10180f', 'Arcoris', '1d61c489-95de-4d9c-a365-9c7a49eeeeee'),
	('848044c0-afe6-4ea9-9344-75f4b1a03ef8', 'Auto', '1d61c489-95de-4d9c-a365-9c7a49eeeeee'),
	('8563dc17-24a2-4d09-9a39-bc34ba20bd77', 'Ohio Express', '13121ec9-c4ec-438e-bca8-6d05a2ad89af'),
	('85c88123-2439-404b-a2d9-24d17cab73f9', 'Envoltura', 'ce85ed33-5702-455a-95ef-a08f559c1b1b'),
	('865d88d8-2a6f-4138-8af5-2576b5968198', 'Acerola', '1d61c489-95de-4d9c-a365-9c7a49eeeeee'),
	('867e0e5e-6122-4581-9556-6a4f9562f912', 'Aceituna', '1d61c489-95de-4d9c-a365-9c7a49eeeeee'),
	('8751f04c-a926-413a-abe1-e21cdcbe92e0', 'Ulises Bueno', 'bf03fb74-cc5e-487e-b70d-1fa26044ec17'),
	('8758c63d-0959-4b2f-b313-14d0d5e8a9ff', 'Escorpion', 'ce85ed33-5702-455a-95ef-a08f559c1b1b'),
	('88ea4818-102e-4f33-a59e-28eea597d93a', 'Ocaso', '13121ec9-c4ec-438e-bca8-6d05a2ad89af'),
	('89a42fdf-e660-4a4a-a322-9b3c15954003', 'Ed Sheeran', 'ce85ed33-5702-455a-95ef-a08f559c1b1b'),
	('8b76ebfd-c0dd-4d1e-b502-3122dece8276', 'Evanescence', 'ce85ed33-5702-455a-95ef-a08f559c1b1b'),
	('8be13f6b-2454-46db-8d6e-36e265707514', 'Armagedon', '1d61c489-95de-4d9c-a365-9c7a49eeeeee'),
	('8c9217f8-9bd0-4983-af75-4c13a83530a7', 'Enanitos Verdes', 'ce85ed33-5702-455a-95ef-a08f559c1b1b'),
	('8ddc03f5-3510-4eda-a863-f612f9ebf751', 'Australia', '1d61c489-95de-4d9c-a365-9c7a49eeeeee'),
	('8e31f77b-fbdf-4981-8da1-7b5bc26c4880', 'Ordenador', '13121ec9-c4ec-438e-bca8-6d05a2ad89af'),
	('8eeb0ce5-4d39-4a37-a99b-cc5d65adf9ac', 'Iman', 'c1605710-9858-47a3-b635-0127fcf7304c'),
	('8f244964-ab6f-4d06-a8d4-b6f3665c8a31', 'Aro', '1d61c489-95de-4d9c-a365-9c7a49eeeeee'),
	('9013d677-fca0-4a94-9f13-8b382874ac14', 'Encanto', 'ce85ed33-5702-455a-95ef-a08f559c1b1b'),
	('91759b25-87dd-400b-90e4-1699fc360454', 'El Aviador', 'ce85ed33-5702-455a-95ef-a08f559c1b1b'),
	('91b462ab-29bb-4bda-ba04-96a697af5eed', 'Orlando Bloom', '13121ec9-c4ec-438e-bca8-6d05a2ad89af'),
	('92d6f77f-c5af-4e40-af75-7523de0bf353', 'Acordeon', '1d61c489-95de-4d9c-a365-9c7a49eeeeee'),
	('9455a0fb-0f5f-407a-afad-0a3f4d7870c6', 'Alvin y las ardillas', '1d61c489-95de-4d9c-a365-9c7a49eeeeee'),
	('9478d731-2df8-420f-830e-07ed8a9a5966', 'Adelle', '1d61c489-95de-4d9c-a365-9c7a49eeeeee'),
	('95637f2f-f5ad-4de2-9cae-92c3f55ed04a', 'Outlandish', '13121ec9-c4ec-438e-bca8-6d05a2ad89af'),
	('96681d1f-dc87-4271-8390-8c13dfb9e980', 'Anillo', '1d61c489-95de-4d9c-a365-9c7a49eeeeee'),
	('96af1b23-668c-4b40-9463-1d1a9635cdd2', 'Avici', '1d61c489-95de-4d9c-a365-9c7a49eeeeee'),
	('96d6fb63-3922-4e43-806f-47d6bcdb5925', 'Espejito Espejito', 'ce85ed33-5702-455a-95ef-a08f559c1b1b'),
	('97885882-27d7-4266-85cc-7b4cd8c659c7', 'Amarillo', '1d61c489-95de-4d9c-a365-9c7a49eeeeee'),
	('9af2abf8-7d50-417a-bba2-fb1dc00ae271', 'Uña', 'bf03fb74-cc5e-487e-b70d-1fa26044ec17'),
	('9b719a94-e906-4f71-82bc-df6cfeb4eb87', 'Oveja', '13121ec9-c4ec-438e-bca8-6d05a2ad89af'),
	('9d3d891c-297b-4cba-b7bb-f14903b53cdb', 'Al diablo con el diablo', '1d61c489-95de-4d9c-a365-9c7a49eeeeee'),
	('9dc8e965-e5e1-4d96-9105-574681c4c571', 'Icono', 'c1605710-9858-47a3-b635-0127fcf7304c'),
	('9dd019c5-4876-4d6f-883b-061374145aea', 'Unicornio', 'bf03fb74-cc5e-487e-b70d-1fa26044ec17'),
	('9e494bfc-899e-44fe-8acd-cb01b321db2c', 'Elefante', 'ce85ed33-5702-455a-95ef-a08f559c1b1b'),
	('9e64d177-53eb-4a8e-8897-b4a9232ac220', 'Argentina', '1d61c489-95de-4d9c-a365-9c7a49eeeeee'),
	('9ef4c315-f769-445f-91af-6244fce15056', 'Enemigo al acecho', 'ce85ed33-5702-455a-95ef-a08f559c1b1b'),
	('9f0e3cdf-4e58-468b-99f4-8faa05b4eab9', 'Amigos con Derechos', '1d61c489-95de-4d9c-a365-9c7a49eeeeee'),
	('9f273cad-24e9-498a-8826-b296dbd5dbe2', 'Avril Lavigne', '1d61c489-95de-4d9c-a365-9c7a49eeeeee'),
	('9fd2ca45-1317-43c4-b42f-901b7eb726c8', 'Encantada', 'ce85ed33-5702-455a-95ef-a08f559c1b1b'),
	('a071b70a-005b-4d9e-8e97-075842b5a790', 'Imagine Dragons', 'c1605710-9858-47a3-b635-0127fcf7304c'),
	('a111b0a3-61cd-4cdf-b6bf-7c42d96fd211', 'Oman', '13121ec9-c4ec-438e-bca8-6d05a2ad89af'),
	('a18975f5-ceb5-4ed0-8567-4b2e2070efa2', 'Iron Maden', 'c1605710-9858-47a3-b635-0127fcf7304c'),
	('a24c9f51-9a88-42c4-8ee3-170923c12785', 'Enchufe', 'ce85ed33-5702-455a-95ef-a08f559c1b1b'),
	('a2fa2af5-38ed-4e94-916c-df8d6ec3e9cc', 'El Elegido', 'ce85ed33-5702-455a-95ef-a08f559c1b1b'),
	('a354e9d8-9698-4222-aeda-69054284c6e4', 'Elefante', 'ce85ed33-5702-455a-95ef-a08f559c1b1b'),
	('a3bccca3-8cff-4fbb-805e-6c1a88326a08', 'Elvis Presley', 'ce85ed33-5702-455a-95ef-a08f559c1b1b'),
	('a404f556-09b8-48a3-b87a-542996dda692', 'Ocarina', '13121ec9-c4ec-438e-bca8-6d05a2ad89af'),
	('a421dc5d-c2d2-441c-b962-516ee6dffea8', 'Irlanda', 'c1605710-9858-47a3-b635-0127fcf7304c'),
	('a46b5559-ea24-425c-b666-6faab5e57fea', 'un ratoncito duro de cazar', 'bf03fb74-cc5e-487e-b70d-1fa26044ec17'),
	('a513d291-0453-406f-a494-844fdf9f2265', 'Apocalipsis', '1d61c489-95de-4d9c-a365-9c7a49eeeeee'),
	('a61875e9-f309-4c6b-bfc6-62618dd129ed', 'Orangutan', '13121ec9-c4ec-438e-bca8-6d05a2ad89af'),
	('a67199eb-daf8-4bbb-9e45-b348e6c18593', 'El señor de los anillos', 'ce85ed33-5702-455a-95ef-a08f559c1b1b'),
	('a930e39b-9b37-456b-9418-53b12730bb6d', 'Acelga', '1d61c489-95de-4d9c-a365-9c7a49eeeeee'),
	('a93fab62-9aff-4605-8e12-a9e68da31ef5', 'Album', '1d61c489-95de-4d9c-a365-9c7a49eeeeee'),
	('a9588691-ede6-4e4b-8749-4b3715170ffb', 'El color purpura', 'ce85ed33-5702-455a-95ef-a08f559c1b1b'),
	('a9941ff3-b685-48ac-b413-15e121c1dfc4', 'Andrea Bocelli', '1d61c489-95de-4d9c-a365-9c7a49eeeeee'),
	('aaa94dbc-f0e2-4312-8552-1a2ac7f2535d', 'Umberto Tozzi', 'bf03fb74-cc5e-487e-b70d-1fa26044ec17'),
	('ab700ef0-4e11-4a4f-afbd-a32c11726a94', 'Ukulele', 'bf03fb74-cc5e-487e-b70d-1fa26044ec17'),
	('ab88bf20-e1dd-40c1-b44c-2e8bfd7d8440', 'Indio Solari', 'c1605710-9858-47a3-b635-0127fcf7304c'),
	('ac074038-ff7e-496f-8dbe-9b884c6f1cf2', 'Ana Frank', '1d61c489-95de-4d9c-a365-9c7a49eeeeee'),
	('acd5a4d2-43b5-44bc-bf4a-c9874d69795c', 'Orca', '13121ec9-c4ec-438e-bca8-6d05a2ad89af'),
	('ad6302d8-7683-4c07-9fe8-1f6b8fcfc636', 'Intestino', 'c1605710-9858-47a3-b635-0127fcf7304c'),
	('adc25f47-7b27-47f6-811e-dfd0a9c03fae', 'Ante', '1d61c489-95de-4d9c-a365-9c7a49eeeeee'),
	('ae17e766-a66c-4680-810b-b19817528486', 'Aladdin', '1d61c489-95de-4d9c-a365-9c7a49eeeeee'),
	('aee0bd35-9a14-419b-adaa-415447f00ae4', 'Inframundo', 'c1605710-9858-47a3-b635-0127fcf7304c'),
	('af1c5665-925e-44ab-a301-38fe78663e60', 'Emoji', 'ce85ed33-5702-455a-95ef-a08f559c1b1b'),
	('af8477f6-018c-42f3-8e91-bdba40652195', 'emmanuelle', 'ce85ed33-5702-455a-95ef-a08f559c1b1b'),
	('b04ccbb5-a499-40dd-9926-5e01ecfb02ea', 'Of Monsters and Men', '13121ec9-c4ec-438e-bca8-6d05a2ad89af'),
	('b0d780ad-87a8-4412-bdfa-580496e2b858', 'Eros Ramazzotti', 'ce85ed33-5702-455a-95ef-a08f559c1b1b'),
	('b121db5c-4285-4dc5-bad7-ef684ab1965e', 'Urraca', 'bf03fb74-cc5e-487e-b70d-1fa26044ec17'),
	('b3aee423-d302-4e02-810a-da8870e02052', 'Aguja', '1d61c489-95de-4d9c-a365-9c7a49eeeeee'),
	('b442e9bb-fd93-4e91-8ae7-d8f7ab2f4136', 'Ocre amarillo', '13121ec9-c4ec-438e-bca8-6d05a2ad89af'),
	('b4e86830-48cd-47e4-a07e-4665c89765c6', 'Eternals', 'ce85ed33-5702-455a-95ef-a08f559c1b1b'),
	('b4e9e0ff-c31b-477e-81f5-7dcaab5a836a', 'Ultime Atome', 'bf03fb74-cc5e-487e-b70d-1fa26044ec17'),
	('b5109681-d1cf-4db7-9db4-7c906f5599cd', 'Alicia en el pais de las maravillas', '1d61c489-95de-4d9c-a365-9c7a49eeeeee'),
	('b653eaaf-e543-458f-a9bd-e9ce00b54525', 'El Salvador', 'ce85ed33-5702-455a-95ef-a08f559c1b1b'),
	('b6642e16-a439-4021-965d-ccc050b708f1', 'Anaconda', '1d61c489-95de-4d9c-a365-9c7a49eeeeee'),
	('b7f8e785-cf55-4ad8-af38-8ffd69548121', 'Emma Watson', 'ce85ed33-5702-455a-95ef-a08f559c1b1b'),
	('b9f48f83-b793-4f51-9f24-6f702c573212', 'Ulan Bator', 'bf03fb74-cc5e-487e-b70d-1fa26044ec17'),
	('ba4b005c-45fc-4f71-b291-bb5c49bbdc65', 'Arnold Schwarzenegger', '1d61c489-95de-4d9c-a365-9c7a49eeeeee'),
	('ba65ec90-b504-44bd-bcda-d810729fa0cb', 'España', 'ce85ed33-5702-455a-95ef-a08f559c1b1b'),
	('bb62ff63-1832-48d4-a9ce-3c1b635fbd25', 'Amy Winehouse', '1d61c489-95de-4d9c-a365-9c7a49eeeeee'),
	('bb82dc43-bf19-41d6-a281-7f3ea32d7636', 'Abaco', '1d61c489-95de-4d9c-a365-9c7a49eeeeee'),
	('bbdc34ad-230d-402a-bea8-914c7f2a43b4', 'American Pie', '1d61c489-95de-4d9c-a365-9c7a49eeeeee'),
	('bc579fd7-0c24-4bc8-bbcc-9f03a35eaa11', 'Amy Adams', '1d61c489-95de-4d9c-a365-9c7a49eeeeee'),
	('bc907a20-ed9a-4389-9e8c-b8708d3c9399', 'Obra', '13121ec9-c4ec-438e-bca8-6d05a2ad89af'),
	('bd1a98a4-a94a-4850-b830-c11f7b598b15', 'One Direction', '13121ec9-c4ec-438e-bca8-6d05a2ad89af'),
	('bed0ef65-964e-4d8f-8e60-2f0776b638fb', 'Oropéndola', '13121ec9-c4ec-438e-bca8-6d05a2ad89af'),
	('bf8c0694-5634-45bc-822d-96b5a78dc737', 'Antigua y Barbuda', '1d61c489-95de-4d9c-a365-9c7a49eeeeee'),
	('c0f4263c-b2fb-4896-9eee-2c648ccb8469', 'Emu comun', 'ce85ed33-5702-455a-95ef-a08f559c1b1b'),
	('c1dda9e4-b8bf-482b-9522-7f8ed887f6d3', 'ACDC', '1d61c489-95de-4d9c-a365-9c7a49eeeeee'),
	('c1fcd1c1-66a2-42cf-9809-bb7938c3b32e', 'Estopa', 'ce85ed33-5702-455a-95ef-a08f559c1b1b'),
	('c2a69f8d-ada6-48a9-bed3-b9e4ab7a2805', 'uma thurman', 'bf03fb74-cc5e-487e-b70d-1fa26044ec17'),
	('c3886d59-b566-4211-92cb-d85a9a9d3b24', 'Achicoria', '1d61c489-95de-4d9c-a365-9c7a49eeeeee'),
	('c4252101-6b10-42bc-9556-acdba57381c4', 'Endibias', 'ce85ed33-5702-455a-95ef-a08f559c1b1b'),
	('c6947d75-9ad9-437f-ad6a-83b3cddc0d79', 'Estatua', 'ce85ed33-5702-455a-95ef-a08f559c1b1b'),
	('c6c7bb19-1458-41a1-b1b6-ecd8296e6214', 'Abu Dabi', '1d61c489-95de-4d9c-a365-9c7a49eeeeee'),
	('c70f8a0d-e729-4a22-b16b-25f12a8c5dc9', 'Azerbaiyan', '1d61c489-95de-4d9c-a365-9c7a49eeeeee'),
	('c7ef5f52-6c7e-49de-a088-32671570b36e', 'Andorra', '1d61c489-95de-4d9c-a365-9c7a49eeeeee'),
	('c805d59f-b006-4758-8eec-51c22c771bdd', 'Implante', 'c1605710-9858-47a3-b635-0127fcf7304c'),
	('cbd6033d-73e6-486f-9adb-8c843bcf9a5e', 'Ucrania', 'bf03fb74-cc5e-487e-b70d-1fa26044ec17'),
	('cc13cf57-37e4-465d-a609-cf21a17eca0d', 'Uruguay', 'bf03fb74-cc5e-487e-b70d-1fa26044ec17'),
	('ccc4090a-e177-4be4-9dc1-158b966f1616', 'Oblivion', '13121ec9-c4ec-438e-bca8-6d05a2ad89af'),
	('cd80c9c9-5103-4198-a65c-18b6f31c899e', 'Efecto Mariposa', 'ce85ed33-5702-455a-95ef-a08f559c1b1b'),
	('cfa38bae-d771-46f6-99d0-490eb9306274', 'Uruguay', 'bf03fb74-cc5e-487e-b70d-1fa26044ec17'),
	('d0e2ca4f-4881-4580-a1a3-473a1a2693d7', 'Icaco', 'c1605710-9858-47a3-b635-0127fcf7304c'),
	('d1ec5eec-f4ec-485b-bcd2-7f30d466def3', 'Estufa', 'ce85ed33-5702-455a-95ef-a08f559c1b1b'),
	('d20b1e3f-b41d-4b5c-9ee9-fd633140915e', 'Espinaca', 'ce85ed33-5702-455a-95ef-a08f559c1b1b'),
	('d4318980-9bd9-43d0-b2bd-8d5f423e70e6', 'Aaron Carter', '1d61c489-95de-4d9c-a365-9c7a49eeeeee'),
	('d4ac5325-60b9-48be-94d1-c52631c60df6', 'Escarlata', 'ce85ed33-5702-455a-95ef-a08f559c1b1b'),
	('d4ac9577-163a-4d45-a375-48e30d13cafe', 'Ercolina', 'ce85ed33-5702-455a-95ef-a08f559c1b1b'),
	('d4f94039-6894-4ad3-80ab-ad4ce97f91d7', 'Ilegales', 'c1605710-9858-47a3-b635-0127fcf7304c'),
	('d4f94f7a-6ccc-43ea-96c2-df4dfea3fa0f', 'U2', 'bf03fb74-cc5e-487e-b70d-1fa26044ec17'),
	('d506cb49-a988-44e4-bcc4-4a341579b9a7', 'Elefante', 'ce85ed33-5702-455a-95ef-a08f559c1b1b'),
	('d64cc554-1504-4f4d-b369-b56af1c868a3', 'Albania', '1d61c489-95de-4d9c-a365-9c7a49eeeeee'),
	('d7e689d2-1a1f-431c-bb54-f6469388f40e', 'Inmortal', 'c1605710-9858-47a3-b635-0127fcf7304c'),
	('d886b522-ec4a-43bc-a356-fffc7d09e331', 'Eterno resplandor', 'ce85ed33-5702-455a-95ef-a08f559c1b1b'),
	('dac95529-689c-4dc4-b7b3-5fc76ca7a7b2', 'Iceberg', 'c1605710-9858-47a3-b635-0127fcf7304c'),
	('db69390b-6409-47b7-b652-f89a173f0d86', 'El hombre araña', 'ce85ed33-5702-455a-95ef-a08f559c1b1b'),
	('dd4b945d-38af-4efb-8352-7ac125b595f9', 'Ibis', 'c1605710-9858-47a3-b635-0127fcf7304c'),
	('dda77a0c-4dde-4223-a8c1-c885e07dde90', 'Estonia', 'ce85ed33-5702-455a-95ef-a08f559c1b1b'),
	('dde1a81f-2393-44c6-880c-f3541278d30d', 'Audioslave', '1d61c489-95de-4d9c-a365-9c7a49eeeeee'),
	('df26e7fb-8444-47a7-a285-489b05f0eb6a', 'Iceberg', 'c1605710-9858-47a3-b635-0127fcf7304c'),
	('df4e1ac4-17f4-472c-9334-5c0ef590afd8', 'Iris', 'c1605710-9858-47a3-b635-0127fcf7304c'),
	('e0921164-d38b-4cbc-ae51-d8d05f4a16b0', 'Ellie Goulding', 'ce85ed33-5702-455a-95ef-a08f559c1b1b'),
	('e0dbe705-cf1b-49d7-9392-9bc2baf6d7fe', 'Aerosmith', '1d61c489-95de-4d9c-a365-9c7a49eeeeee'),
	('e3680ec1-9c37-4a22-882a-6694d667ee0b', 'Ariana Grande', '1d61c489-95de-4d9c-a365-9c7a49eeeeee'),
	('e38799d9-88cb-4834-8719-40bcba7d37fb', 'Oso', '13121ec9-c4ec-438e-bca8-6d05a2ad89af'),
	('e3a7e44d-d5af-4eba-9cc1-9a3290404d6f', 'Enya', 'ce85ed33-5702-455a-95ef-a08f559c1b1b'),
	('e46d9930-00dc-4e74-9e8d-f21321893103', 'Isabelino', 'c1605710-9858-47a3-b635-0127fcf7304c'),
	('e63a857f-988d-4398-9d5d-33c9d6912f60', 'Abeja melifera', '1d61c489-95de-4d9c-a365-9c7a49eeeeee'),
	('e68604c9-c131-4bc3-9b6a-c45013cdccb3', 'Avestruz', '1d61c489-95de-4d9c-a365-9c7a49eeeeee'),
	('e7fafdb2-595b-438c-915a-306fee997cb8', 'Alfiler', '1d61c489-95de-4d9c-a365-9c7a49eeeeee'),
	('e8416bcc-eb7d-4cc0-b831-d14d86568b20', 'Endibia belga', 'ce85ed33-5702-455a-95ef-a08f559c1b1b'),
	('e897414f-f5e6-4769-bcaa-655e721697c2', 'Abuya', '1d61c489-95de-4d9c-a365-9c7a49eeeeee'),
	('e8e2324a-c28f-442c-a936-926a71a176a4', 'Ovillo', '13121ec9-c4ec-438e-bca8-6d05a2ad89af'),
	('ea079876-afce-45d1-8c6c-8137b8afb920', 'One Republic', '13121ec9-c4ec-438e-bca8-6d05a2ad89af'),
	('ec81c95b-0b73-4883-b684-6d3fd620310c', 'Escalera', 'ce85ed33-5702-455a-95ef-a08f559c1b1b'),
	('ee5cab84-1ba9-4efe-9f95-d43e13a0ce2c', 'Esponja', 'ce85ed33-5702-455a-95ef-a08f559c1b1b'),
	('eea2d3e0-2c79-4fa6-8ff4-ffebdf304816', 'Identidad Desconocida', 'c1605710-9858-47a3-b635-0127fcf7304c'),
	('eea3870e-bb27-4ff5-9998-6cf8d2bbd559', 'Ultrasonicas', 'bf03fb74-cc5e-487e-b70d-1fa26044ec17'),
	('eee453bb-cfcc-4154-b7c4-b66f89330689', 'Alan Walker', '1d61c489-95de-4d9c-a365-9c7a49eeeeee'),
	('ef4c8992-6920-4527-ab80-3a4cbeee386d', 'Apocalypto', '1d61c489-95de-4d9c-a365-9c7a49eeeeee'),
	('f24c5951-c47d-498e-94be-743fe7387b2f', 'Aguila', '1d61c489-95de-4d9c-a365-9c7a49eeeeee'),
	('f3374bac-7cd4-452f-aeb1-824476e9b916', 'Oasis', '13121ec9-c4ec-438e-bca8-6d05a2ad89af'),
	('f4a43937-ab8a-435b-9fda-3a9f6309a9ef', 'Alice Cooper', '1d61c489-95de-4d9c-a365-9c7a49eeeeee'),
	('f52d1dfd-8398-4141-8693-1c81e84e1225', 'Endrina', 'ce85ed33-5702-455a-95ef-a08f559c1b1b'),
	('f55dcc8f-6161-4d38-a500-a6be6f41abab', 'Espejo', 'ce85ed33-5702-455a-95ef-a08f559c1b1b'),
	('f5c259f5-f9c4-4522-ad71-bb55b400e5f0', 'Imagen', 'c1605710-9858-47a3-b635-0127fcf7304c'),
	('f5e56c8d-77f1-4d1f-8549-5dd462bb9695', 'Antena', '1d61c489-95de-4d9c-a365-9c7a49eeeeee'),
	('f86bf72f-75ea-4def-8908-b3752db6ca25', 'Afganistan', '1d61c489-95de-4d9c-a365-9c7a49eeeeee'),
	('f898a103-97a7-4668-903d-47014f16cbfb', 'Aventura', '1d61c489-95de-4d9c-a365-9c7a49eeeeee'),
	('f900b42c-8a05-4cce-8970-9cc0e9402b9f', 'Emperador purpura', 'ce85ed33-5702-455a-95ef-a08f559c1b1b'),
	('f9351c05-7547-4344-b3d1-0cbe7c965b35', 'Ouija', '13121ec9-c4ec-438e-bca8-6d05a2ad89af'),
	('fc244c91-720d-45df-bc2b-1699f9853bc6', 'Atlantis', '1d61c489-95de-4d9c-a365-9c7a49eeeeee'),
	('fe782a4f-4f0e-4f3b-ba07-752feee7b999', 'El hobbit', 'ce85ed33-5702-455a-95ef-a08f559c1b1b'),
	('ff6f0a32-f032-4631-ae52-08951906aeca', 'Avatar', '1d61c489-95de-4d9c-a365-9c7a49eeeeee');
/*!40000 ALTER TABLE "Word" ENABLE KEYS */;

-- Volcando estructura para tabla db_a76b7c_jsmartin.WordCategory
CREATE TABLE IF NOT EXISTS "WordCategory" (
	"WordCategoryID" NVARCHAR(450) NOT NULL COLLATE 'SQL_Latin1_General_CP1_CI_AS',
	"CategoryID" NVARCHAR(450) NULL DEFAULT NULL COLLATE 'SQL_Latin1_General_CP1_CI_AS',
	"WordID" NVARCHAR(450) NULL DEFAULT NULL COLLATE 'SQL_Latin1_General_CP1_CI_AS',
	PRIMARY KEY ("WordCategoryID"),
	FOREIGN KEY INDEX "FK_WordCategory_Category_CategoryID" ("CategoryID"),
	FOREIGN KEY INDEX "FK_WordCategory_Word_WordID" ("WordID"),
	CONSTRAINT "FK_WordCategory_Category_CategoryID" FOREIGN KEY ("CategoryID") REFERENCES "Category" ("CategoryID") ON UPDATE NO_ACTION ON DELETE NO_ACTION,
	CONSTRAINT "FK_WordCategory_Word_WordID" FOREIGN KEY ("WordID") REFERENCES "Word" ("WordID") ON UPDATE NO_ACTION ON DELETE NO_ACTION
);

-- Volcando datos para la tabla db_a76b7c_jsmartin.WordCategory: -1 rows
/*!40000 ALTER TABLE "WordCategory" DISABLE KEYS */;
INSERT INTO "WordCategory" ("WordCategoryID", "CategoryID", "WordID") VALUES
	('0008d682-f564-4118-bc16-5008cb5b9863', '990c39ad-06b0-4ecc-8547-ecd585411f2e', 'df4e1ac4-17f4-472c-9334-5c0ef590afd8'),
	('004dc6ce-87e3-4e4d-938e-b26f5c4859c9', '23b4badd-5939-4b72-8970-26298770c82e', '9fd2ca45-1317-43c4-b42f-901b7eb726c8'),
	('007b833b-542d-4eb2-93be-e767af09264b', 'aab6f969-31b2-432c-9e77-ab472cda6a38', '00a29e67-564e-4e14-afbd-0114901caf07'),
	('00fa7b06-8d74-46a0-806f-be94203c6a3d', '7813810f-78f7-43d4-a782-90bc58004900', '8758c63d-0959-4b2f-b313-14d0d5e8a9ff'),
	('022c34b6-8892-4a85-83fd-e63550f8af7c', 'e5b1c619-897f-4727-8fdf-7842c5d94982', '9af2abf8-7d50-417a-bba2-fb1dc00ae271'),
	('02506fbf-9fc3-4e08-9c8b-71d074dddfd0', '23b4badd-5939-4b72-8970-26298770c82e', '9013d677-fca0-4a94-9f13-8b382874ac14'),
	('0328c3a0-7181-443c-80a6-99702e65fed0', 'a9bfaa55-3630-4b2b-9825-a360bfb00e8b', 'eee453bb-cfcc-4154-b7c4-b66f89330689'),
	('04323db2-b32c-4f45-91f3-6801c6252d47', '7813810f-78f7-43d4-a782-90bc58004900', '4fbc1221-d3e3-41d1-affc-518369b3e904'),
	('04d75354-fec9-4818-be4f-df9c29b04912', 'e5b1c619-897f-4727-8fdf-7842c5d94982', '8f244964-ab6f-4d06-a8d4-b6f3665c8a31'),
	('0526e073-ab5c-457d-aa18-4eb13832995a', 'aab6f969-31b2-432c-9e77-ab472cda6a38', '2bf7d22a-3c79-4605-9204-02537eb2b864'),
	('053a77aa-7b4b-4d14-a1a6-ea4bdeb9c95b', '23b4badd-5939-4b72-8970-26298770c82e', '678ad516-951d-4818-9335-16827eb91e9b'),
	('05af2f54-5d03-4623-8045-c33da86c86a7', 'e5b1c619-897f-4727-8fdf-7842c5d94982', 'e7fafdb2-595b-438c-915a-306fee997cb8'),
	('07243446-c721-4288-910f-c83149e5fe50', 'a9bfaa55-3630-4b2b-9825-a360bfb00e8b', '8b76ebfd-c0dd-4d1e-b502-3122dece8276'),
	('09aa65dd-ea71-4420-8e8e-461390711dc3', 'aab6f969-31b2-432c-9e77-ab472cda6a38', '6be371e6-b426-4131-9b66-3a7a3190fa7b'),
	('09f07558-ed28-48d4-905f-aecbba095eeb', 'a9bfaa55-3630-4b2b-9825-a360bfb00e8b', 'bb62ff63-1832-48d4-a9ce-3c1b635fbd25'),
	('0a990d9f-052c-41eb-9974-badaf4fd22a7', '9944bffc-8208-4c1c-8bbf-0824be6a259a', '62059ac2-eced-4013-aa03-d6781622d553'),
	('0c2adcbf-6df2-4f00-94d5-e51c20588335', 'a9bfaa55-3630-4b2b-9825-a360bfb00e8b', 'dde1a81f-2393-44c6-880c-f3541278d30d'),
	('0c8f947b-973e-437f-bef4-053718723c61', '7813810f-78f7-43d4-a782-90bc58004900', '1140c7e6-95fd-496c-a431-d415f9ab4782'),
	('0cd81a17-2068-49b7-8d84-5619c98375c2', 'aab6f969-31b2-432c-9e77-ab472cda6a38', 'd64cc554-1504-4f4d-b369-b56af1c868a3'),
	('0dbdeb1d-3ca6-48b7-9e0c-8462c002e1ce', '23b4badd-5939-4b72-8970-26298770c82e', 'bbdc34ad-230d-402a-bea8-914c7f2a43b4'),
	('0e8b4ba5-7e4e-43d3-a7d7-ae3f671524ae', 'aab6f969-31b2-432c-9e77-ab472cda6a38', '313d63dd-1238-43b1-8019-8d61fd970a4b'),
	('0eaa7864-030a-48a1-bb0b-63f1300a60d6', 'e5b1c619-897f-4727-8fdf-7842c5d94982', 'ee5cab84-1ba9-4efe-9f95-d43e13a0ce2c'),
	('0eb649c0-22d1-4d1e-be8c-51c1baaf5180', '23b4badd-5939-4b72-8970-26298770c82e', '57a82c6b-0627-4efa-bb8e-88540cfd0f4c'),
	('0f912c59-d04a-442e-be04-d5aefad6a90f', 'a9bfaa55-3630-4b2b-9825-a360bfb00e8b', '65447e72-b41c-4925-9c89-e16763ce60f0'),
	('0fb50ff8-d64c-4302-968d-010fd0538370', 'a9bfaa55-3630-4b2b-9825-a360bfb00e8b', '3d5463d7-63e2-40ed-ba5c-e5f9c4202566'),
	('0ff74f7c-f9ef-4de7-9d82-a2fef4d83cd5', 'aab6f969-31b2-432c-9e77-ab472cda6a38', 'ba65ec90-b504-44bd-bcda-d810729fa0cb'),
	('10110c6b-fbb7-4da7-add4-25dc057f4456', 'e5b1c619-897f-4727-8fdf-7842c5d94982', '1979d3c2-893a-41ba-8f68-8479986976bc'),
	('101dffe8-fb27-44e3-b2dc-7a02c0d677e1', '23b4badd-5939-4b72-8970-26298770c82e', 'fc244c91-720d-45df-bc2b-1699f9853bc6'),
	('103e9c1f-cdcb-4148-b9f6-54b3d22753a3', '23b4badd-5939-4b72-8970-26298770c82e', '3346a77e-c899-421a-b291-3c1b423fdd42'),
	('1056a76d-5ee6-4bd0-8a29-ccf8be53683f', 'a9bfaa55-3630-4b2b-9825-a360bfb00e8b', 'bd1a98a4-a94a-4850-b830-c11f7b598b15'),
	('106a5f34-4bd2-45f6-8e64-a6edf767b61b', 'aab6f969-31b2-432c-9e77-ab472cda6a38', 'b9f48f83-b793-4f51-9f24-6f702c573212'),
	('10ab5b0b-622c-41f4-b61a-3e6f5aa511e6', '9944bffc-8208-4c1c-8bbf-0824be6a259a', '199c724c-6c70-4253-8fe7-6b2179b248cb'),
	('10f3f37e-4718-4f89-b602-0e386611fbeb', 'e5b1c619-897f-4727-8fdf-7842c5d94982', '6d2bbd22-b36d-4de0-94fb-ffc75c7316f7'),
	('11e34bc3-d64a-4c26-a170-c6f42546a1fb', 'aab6f969-31b2-432c-9e77-ab472cda6a38', '5d9de8e9-4db0-4335-b8aa-09d2d28b5406'),
	('140f352c-5395-4ecd-a77c-7492415b582e', 'e5b1c619-897f-4727-8fdf-7842c5d94982', '8237b2f3-e960-408a-b9f1-1483ac8e84b2'),
	('141c0705-55da-4948-92ef-a5e61dcf789c', '9944bffc-8208-4c1c-8bbf-0824be6a259a', '62059ac2-eced-4013-aa03-d6781622d553'),
	('18494594-6ae3-46f5-b140-198f9a78d2dc', '23b4badd-5939-4b72-8970-26298770c82e', '719b4251-e0bc-4f95-a682-fb7b23ba6c0c'),
	('1873e723-72e7-45f1-85f3-8c61a001c840', 'a9bfaa55-3630-4b2b-9825-a360bfb00e8b', 'e0921164-d38b-4cbc-ae51-d8d05f4a16b0'),
	('1a87e242-23cc-4abc-abfa-1000e02f6fef', '990c39ad-06b0-4ecc-8547-ecd585411f2e', '050a90ac-0006-4fd3-96d6-e241227368b5'),
	('1afc26f8-245b-4c7c-9f6b-fdb3f29a7434', '23b4badd-5939-4b72-8970-26298770c82e', 'ac074038-ff7e-496f-8dbe-9b884c6f1cf2'),
	('1b21f10d-71e5-4336-aff1-f040cb17a94d', '23b4badd-5939-4b72-8970-26298770c82e', 'af8477f6-018c-42f3-8e91-bdba40652195'),
	('1c0bcfb7-04ee-4fb6-ae4b-78472f21234d', '23b4badd-5939-4b72-8970-26298770c82e', '33056fd6-0412-4c7e-93c2-dab54ddbf31c'),
	('1d0eccb6-8f45-49fb-8547-66e28524bece', '990c39ad-06b0-4ecc-8547-ecd585411f2e', '2a8fbb95-6921-46ba-82ee-e55e3db3c981'),
	('1d8d2872-a3fb-4cdd-b257-c5d8ecd25ad1', 'a9bfaa55-3630-4b2b-9825-a360bfb00e8b', 'd4f94f7a-6ccc-43ea-96c2-df4dfea3fa0f'),
	('1de218e1-c43c-4309-92c7-f1d916eeb0b2', '23b4badd-5939-4b72-8970-26298770c82e', '9ef4c315-f769-445f-91af-6244fce15056'),
	('1e751937-a4b7-4b0c-88c1-31edef768760', 'aab6f969-31b2-432c-9e77-ab472cda6a38', 'a421dc5d-c2d2-441c-b962-516ee6dffea8'),
	('1e7dc8e4-a030-4e87-b83e-02b3430c9104', '7813810f-78f7-43d4-a782-90bc58004900', '1bce3074-fc82-4415-a4a6-12d1166f645a'),
	('20929aa2-f64b-49d4-95ee-3c7215373f28', '9944bffc-8208-4c1c-8bbf-0824be6a259a', '47b7e57b-44f4-405d-8f32-bfd40df0829a'),
	('20c4d494-2bed-4de0-ba61-322f17736369', '7813810f-78f7-43d4-a782-90bc58004900', '62137881-c3d8-46c4-95b8-3d77daa57c04'),
	('210e2e7f-120e-4701-9b55-ce7cee82ea79', '23b4badd-5939-4b72-8970-26298770c82e', '7e453fcd-4e9f-4605-965e-47762ebef177'),
	('230ce2af-a873-4c50-b3c5-c4ad2e5a301d', 'aab6f969-31b2-432c-9e77-ab472cda6a38', '6bd81489-380b-4c62-8feb-e0a5936d01d4'),
	('2333b131-a80a-4e76-965f-c3808728e76c', '990c39ad-06b0-4ecc-8547-ecd585411f2e', '88ea4818-102e-4f33-a59e-28eea597d93a'),
	('259c39e6-4f4a-4d90-8da1-fab5c1dfc45c', 'e5b1c619-897f-4727-8fdf-7842c5d94982', 'c805d59f-b006-4758-8eec-51c22c771bdd'),
	('2602139a-cef3-4f3c-96dd-01d06c09d683', '7813810f-78f7-43d4-a782-90bc58004900', 'acd5a4d2-43b5-44bc-bf4a-c9874d69795c'),
	('2680dce4-e86c-4144-9ae4-25fcfbae5e59', '7813810f-78f7-43d4-a782-90bc58004900', '60449b47-4f3d-46a4-b8e5-f7cc47d804c9'),
	('274f7861-8b97-4472-9fff-e5540a9d58b3', 'e5b1c619-897f-4727-8fdf-7842c5d94982', '36ad311a-dc0b-4bb4-99b2-4a1020cb890c'),
	('2906123f-9015-4fe2-8ce8-98a71b2c58d1', 'a9bfaa55-3630-4b2b-9825-a360bfb00e8b', '581d3a83-36eb-424e-8711-a113491be6af'),
	('2913646a-a8ac-4c5d-b625-c8623fbca195', '23b4badd-5939-4b72-8970-26298770c82e', 'a46b5559-ea24-425c-b666-6faab5e57fea'),
	('2a22b8e2-27cf-4a08-b6af-101aa0b2002f', '9944bffc-8208-4c1c-8bbf-0824be6a259a', '330b1ee6-4c25-4c6f-a5d6-429ff4f5d4fd'),
	('2b14e2f7-e725-4656-9480-c286bde9853a', 'a9bfaa55-3630-4b2b-9825-a360bfb00e8b', 'ab700ef0-4e11-4a4f-afbd-a32c11726a94'),
	('2b4af7d0-0a6a-4d96-a8f7-a006866e4a98', 'a9bfaa55-3630-4b2b-9825-a360bfb00e8b', '543d8b7a-891c-49dc-81e8-ba572ea8b8bb'),
	('2d66a2bb-5207-4250-818e-b0a18ca7dc0e', 'aab6f969-31b2-432c-9e77-ab472cda6a38', 'c6c7bb19-1458-41a1-b1b6-ecd8296e6214'),
	('2dba5289-f478-4e20-8b1e-ed2740f1fc65', '7813810f-78f7-43d4-a782-90bc58004900', '1bce3074-fc82-4415-a4a6-12d1166f645a'),
	('2dbe7a91-1a1f-4347-b6f1-7fe87265f4cd', 'a9bfaa55-3630-4b2b-9825-a360bfb00e8b', '9f273cad-24e9-498a-8826-b296dbd5dbe2'),
	('2e595cac-919b-4712-b3e7-865dd2a4f30c', 'aab6f969-31b2-432c-9e77-ab472cda6a38', '6ae83046-2321-4b24-a3d3-195ead071b26'),
	('2e74ac09-31f9-45b0-add3-d59eab7ed1c8', 'a9bfaa55-3630-4b2b-9825-a360bfb00e8b', 'e3680ec1-9c37-4a22-882a-6694d667ee0b'),
	('2ecb1d67-b439-4b6f-8938-ae8e9587e9f9', 'a9bfaa55-3630-4b2b-9825-a360bfb00e8b', '274ec474-9269-46c7-9c96-0138c5cbbbab'),
	('2ed4c36a-7c64-47e7-8aa4-3cb8dbc08471', '23b4badd-5939-4b72-8970-26298770c82e', '7252e728-525b-4a73-b2e1-d97d075d3471'),
	('2f190699-ee0e-4b82-a172-0d6cccd6118e', 'e5b1c619-897f-4727-8fdf-7842c5d94982', 'f55dcc8f-6161-4d38-a500-a6be6f41abab'),
	('2f8df1df-52e6-4548-b5d3-ce1e91438d9e', '990c39ad-06b0-4ecc-8547-ecd585411f2e', '66d565f4-7dd4-4b29-ad98-ed3533da5689'),
	('2fb71a4a-e651-4550-ba70-075aac66bb40', '23b4badd-5939-4b72-8970-26298770c82e', '29f3ca77-1ecb-4187-b10c-d40b514dd7e4'),
	('3068f8f0-9e3e-466b-a2ab-99591560c6c8', '23b4badd-5939-4b72-8970-26298770c82e', '2c47a5ca-202d-4fc7-886b-2feccd63455a'),
	('30acd1d9-08f4-4c1b-81fa-e98f5436a05a', '7813810f-78f7-43d4-a782-90bc58004900', '9b719a94-e906-4f71-82bc-df6cfeb4eb87'),
	('31b14bbc-0357-48b0-9243-806bf7d25cca', 'e5b1c619-897f-4727-8fdf-7842c5d94982', '62059ac2-eced-4013-aa03-d6781622d553'),
	('324c0341-bb5c-4086-bf91-2dee7ba6617e', 'a9bfaa55-3630-4b2b-9825-a360bfb00e8b', 'd4f94f7a-6ccc-43ea-96c2-df4dfea3fa0f'),
	('32679823-cf9a-4613-85da-8b8ef7b5b1f0', 'aab6f969-31b2-432c-9e77-ab472cda6a38', '4f170b59-f4c8-469f-b131-77455b09cae3'),
	('335b8853-20b6-4b84-b9c8-8881e0298a61', 'a9bfaa55-3630-4b2b-9825-a360bfb00e8b', '5149277d-1719-4e94-899c-506a24d2dbab'),
	('346d1ce8-fb2f-4587-bc9e-b697242ef4af', 'a9bfaa55-3630-4b2b-9825-a360bfb00e8b', '34bbee2f-d38f-4b54-8059-6d2299ec37c9'),
	('3493bebe-eb4e-470c-a703-da407cb42393', 'a9bfaa55-3630-4b2b-9825-a360bfb00e8b', '8751f04c-a926-413a-abe1-e21cdcbe92e0'),
	('351cac31-a290-40a1-8209-1851a705dded', 'e5b1c619-897f-4727-8fdf-7842c5d94982', '9dc8e965-e5e1-4d96-9105-574681c4c571'),
	('3543c0ee-130a-4d29-82a5-72e39cfe4ce4', 'aab6f969-31b2-432c-9e77-ab472cda6a38', '1c0cb42e-1354-4421-8394-70418bded9d4'),
	('362945b1-e361-4c05-a105-5728e1168de6', '990c39ad-06b0-4ecc-8547-ecd585411f2e', 'e46d9930-00dc-4e74-9e8d-f21321893103'),
	('3754b0dd-d640-4e9a-a12e-a243e98f69ac', 'a9bfaa55-3630-4b2b-9825-a360bfb00e8b', '3c9c54fb-51a7-4c0f-8948-bdd3b1491e0e'),
	('39f1b03f-6163-453d-8b2a-661a0625fd0e', 'e5b1c619-897f-4727-8fdf-7842c5d94982', '8e31f77b-fbdf-4981-8da1-7b5bc26c4880'),
	('3a06d13b-9f54-4302-b78d-695a8f30adb7', 'a9bfaa55-3630-4b2b-9825-a360bfb00e8b', '95637f2f-f5ad-4de2-9cae-92c3f55ed04a'),
	('3b722b32-6bf0-44f9-b5cc-6fad2bafc5f8', '7813810f-78f7-43d4-a782-90bc58004900', '5f7943d6-62f0-4f97-946b-ff7119569846'),
	('3cb4b3d9-c826-44e8-bfb2-a910f4f3ce28', '7813810f-78f7-43d4-a782-90bc58004900', '0ce90878-58f7-4c95-8911-139397d12954'),
	('3d770363-b513-439c-8ae8-e1b1f77fa925', 'aab6f969-31b2-432c-9e77-ab472cda6a38', '3181289a-b1e1-4949-8fea-ad7bd0cd88c5'),
	('3d7e44c0-ac29-4218-9951-57b99721e3fa', 'e5b1c619-897f-4727-8fdf-7842c5d94982', '5d56436a-23b9-4568-bcba-ad3ba3d2e09f'),
	('3df8f77a-e1aa-4cfd-8e8b-eadb8fffbd78', 'e5b1c619-897f-4727-8fdf-7842c5d94982', '3c43160b-105e-49e6-9f61-9cb079fbb2c8'),
	('3e226c58-f497-46ab-95b4-42a98aa76d9a', 'a9bfaa55-3630-4b2b-9825-a360bfb00e8b', '34bbee2f-d38f-4b54-8059-6d2299ec37c9'),
	('3f3f0e5c-8ba3-4754-9d9a-08de9a261a61', 'e5b1c619-897f-4727-8fdf-7842c5d94982', '6d0e6312-ed7e-41de-9a2a-40ba917ef5f0'),
	('3fcf3712-9e94-4812-a3f3-6f5e04d7c858', 'e5b1c619-897f-4727-8fdf-7842c5d94982', '4ee33561-64f7-441e-847b-da77aa04aa8a'),
	('40039760-89c5-4205-9abd-089cdca527a0', '23b4badd-5939-4b72-8970-26298770c82e', 'd7e689d2-1a1f-431c-bb54-f6469388f40e'),
	('4296a735-c545-4edc-b840-26821a5079bc', '7813810f-78f7-43d4-a782-90bc58004900', 'a61875e9-f309-4c6b-bfc6-62618dd129ed'),
	('432cc51b-e243-4638-ae16-7c76f98a3427', 'e5b1c619-897f-4727-8fdf-7842c5d94982', 'ad6302d8-7683-4c07-9fe8-1f6b8fcfc636'),
	('43c76fd9-3d73-46e1-a752-898c241a0388', 'a9bfaa55-3630-4b2b-9825-a360bfb00e8b', '3dabdf96-ab73-4757-94a6-ad2def446b29'),
	('43db8721-6ecf-4356-9428-9b24aacec740', '7813810f-78f7-43d4-a782-90bc58004900', '399079f8-4778-4bf0-9101-b25cdb692ed4'),
	('4401dfd8-7625-47b2-bcfb-64f7b34e55b3', '7813810f-78f7-43d4-a782-90bc58004900', 'e68604c9-c131-4bc3-9b6a-c45013cdccb3'),
	('44418dea-3ab8-40e6-b89c-385c05a463c3', 'e5b1c619-897f-4727-8fdf-7842c5d94982', 'c6947d75-9ad9-437f-ad6a-83b3cddc0d79'),
	('44796e44-aa2d-4297-9cab-298bf42d1916', '23b4badd-5939-4b72-8970-26298770c82e', '195dbe58-0e8e-4591-9bb9-4d93d717c380'),
	('480c84db-59e1-4109-a04b-a2ad35ef863a', '990c39ad-06b0-4ecc-8547-ecd585411f2e', '82c3ec2d-f3b8-4162-bd59-f4bc3b10180f'),
	('49f541cf-a58d-40fa-93f1-6a915f896822', 'aab6f969-31b2-432c-9e77-ab472cda6a38', 'a111b0a3-61cd-4cdf-b6bf-7c42d96fd211'),
	('4aa36aea-a261-463d-b572-f06f99200ee5', 'aab6f969-31b2-432c-9e77-ab472cda6a38', '2bf7d22a-3c79-4605-9204-02537eb2b864'),
	('4d22efa5-e3c9-47c9-8c7a-aa535faa4ca2', '23b4badd-5939-4b72-8970-26298770c82e', 'ccc4090a-e177-4be4-9dc1-158b966f1616'),
	('4e6b3769-8ed2-409d-8773-fb1cd2c27888', '7813810f-78f7-43d4-a782-90bc58004900', 'bed0ef65-964e-4d8f-8e60-2f0776b638fb'),
	('4f84f185-3cfe-4cb0-b36b-0b08acf00713', 'a9bfaa55-3630-4b2b-9825-a360bfb00e8b', 'f898a103-97a7-4668-903d-47014f16cbfb'),
	('4fd89c69-fff5-4617-8742-33ae0f4be075', '7813810f-78f7-43d4-a782-90bc58004900', '00502284-0ba0-4b4b-87b8-a8353e34c769'),
	('50686bf8-e143-477d-8288-81c08eacece0', '9944bffc-8208-4c1c-8bbf-0824be6a259a', '1e81073a-4f63-41a7-aab8-efaff9acbd8c'),
	('51209662-0bc9-41d5-b23d-e4e33177b283', 'e5b1c619-897f-4727-8fdf-7842c5d94982', 'a24c9f51-9a88-42c4-8ee3-170923c12785'),
	('522783c9-23fb-4788-8897-998814df541b', '7813810f-78f7-43d4-a782-90bc58004900', 'e38799d9-88cb-4834-8719-40bcba7d37fb'),
	('530490b5-04b9-4bd9-93c9-fd7a161f8bd6', 'a9bfaa55-3630-4b2b-9825-a360bfb00e8b', 'a3bccca3-8cff-4fbb-805e-6c1a88326a08'),
	('5304b22e-9a2c-48f9-a281-08f2db160eff', 'a9bfaa55-3630-4b2b-9825-a360bfb00e8b', 'd4f94039-6894-4ad3-80ab-ad4ce97f91d7'),
	('55070bd1-78ac-456f-b922-6de9e4013350', '23b4badd-5939-4b72-8970-26298770c82e', 'ff6f0a32-f032-4631-ae52-08951906aeca'),
	('55a1f03b-ecb7-4b68-90e2-0b53549fceb6', '23b4badd-5939-4b72-8970-26298770c82e', '9d3d891c-297b-4cba-b7bb-f14903b53cdb'),
	('55e27cb9-d089-4d02-bf15-3aa76292ceba', '9944bffc-8208-4c1c-8bbf-0824be6a259a', 'a930e39b-9b37-456b-9418-53b12730bb6d'),
	('55f6312e-8b96-4f04-a914-9bc3abbbb983', 'a9bfaa55-3630-4b2b-9825-a360bfb00e8b', '7d763bd1-1ea6-465d-b6d1-c01ef94e95cb'),
	('56d67ad1-37de-4594-92eb-514163cf95b4', '7813810f-78f7-43d4-a782-90bc58004900', 'f900b42c-8a05-4cce-8970-9cc0e9402b9f'),
	('57eac8c7-1390-4c41-ab78-932a1a424e3c', '23b4badd-5939-4b72-8970-26298770c82e', '9f0e3cdf-4e58-468b-99f4-8faa05b4eab9'),
	('58005964-7cf2-4bc5-ab5a-bf3fa6b656d2', '23b4badd-5939-4b72-8970-26298770c82e', 'a67199eb-daf8-4bbb-9e45-b348e6c18593'),
	('587b8bda-2e38-4060-a39b-2220d51233e2', '23b4badd-5939-4b72-8970-26298770c82e', '40b65a2e-61bd-47c7-b913-906ac81a8bc9'),
	('58e4fc6f-ace3-4108-92c8-17daa9988218', '23b4badd-5939-4b72-8970-26298770c82e', '66931960-8d69-4c53-827b-28fa8674ba87'),
	('5a15fde1-9080-402b-ba63-8b354d717841', 'e5b1c619-897f-4727-8fdf-7842c5d94982', '1e9f0245-a48a-45fc-9e86-399b65163aa1'),
	('5aafbb35-63c1-4a7e-90db-be14422ecc32', 'e5b1c619-897f-4727-8fdf-7842c5d94982', '007c100d-7014-4b3f-806a-563e1b679044'),
	('5b39ba72-d009-4867-97a7-637756d2e35f', '7813810f-78f7-43d4-a782-90bc58004900', 'acd5a4d2-43b5-44bc-bf4a-c9874d69795c'),
	('5b9c2f93-513f-42f1-aa34-47e26fc913ca', '7813810f-78f7-43d4-a782-90bc58004900', 'e63a857f-988d-4398-9d5d-33c9d6912f60'),
	('5bcbb63a-1d5a-419e-aac1-dc41a74572e4', 'a9bfaa55-3630-4b2b-9825-a360bfb00e8b', '4706a953-23d9-4270-b004-a47f4474939a'),
	('5be11c41-0adf-4f52-b3d2-bd7cec4a6a06', 'a9bfaa55-3630-4b2b-9825-a360bfb00e8b', '304235b4-4d39-46bb-be31-eaef33dee43a'),
	('5bf739e3-22b4-4334-9558-43b67ef5e31e', 'a9bfaa55-3630-4b2b-9825-a360bfb00e8b', 'f3374bac-7cd4-452f-aeb1-824476e9b916'),
	('5c0442a4-2374-48e4-a3b2-cd9194106f7a', 'aab6f969-31b2-432c-9e77-ab472cda6a38', 'cbd6033d-73e6-486f-9adb-8c843bcf9a5e'),
	('5cf66196-b7cf-47b9-bea1-73772785048a', '23b4badd-5939-4b72-8970-26298770c82e', 'f9351c05-7547-4344-b3d1-0cbe7c965b35'),
	('5d28d424-85bd-41a1-aca6-3fe341ab0a70', 'a9bfaa55-3630-4b2b-9825-a360bfb00e8b', '4f0350a0-585d-44d8-ba88-aa3525db01db'),
	('5d8989a6-6cda-491b-b9ff-8d504829f1b3', '23b4badd-5939-4b72-8970-26298770c82e', '46f97e36-5fa3-4297-82a5-7f18963a4cde'),
	('5e051bbd-5c88-4c40-9ff0-b82b3f78246d', '990c39ad-06b0-4ecc-8547-ecd585411f2e', '37d9a8c3-116c-4144-9e5b-cd02b7795254'),
	('5e394b1b-2c13-4a7a-96c1-018cd34c6297', 'a9bfaa55-3630-4b2b-9825-a360bfb00e8b', 'b0d780ad-87a8-4412-bdfa-580496e2b858'),
	('5fb3866f-4c6b-45bb-b431-35b577168f4b', 'a9bfaa55-3630-4b2b-9825-a360bfb00e8b', '3ab4506d-6278-44a1-ad1b-de1f8cc9148a'),
	('6157ee89-c06d-43de-9875-caaa1bed2b9a', '23b4badd-5939-4b72-8970-26298770c82e', '91b462ab-29bb-4bda-ba04-96a697af5eed'),
	('61db79a0-92d6-4104-b97d-387ca964df21', 'e5b1c619-897f-4727-8fdf-7842c5d94982', '96681d1f-dc87-4271-8390-8c13dfb9e980'),
	('62ed65ea-60dd-479d-8974-3bc9aa6d8014', '9944bffc-8208-4c1c-8bbf-0824be6a259a', '610c3236-f12d-4fa6-8f53-b0de80ba0de1'),
	('63742b3a-5671-4b6b-8d0c-e7155f45e2ee', 'a9bfaa55-3630-4b2b-9825-a360bfb00e8b', '8563dc17-24a2-4d09-9a39-bc34ba20bd77'),
	('648ad50d-d63e-4bb5-a4b6-9e375e5cf8c3', '23b4badd-5939-4b72-8970-26298770c82e', 'ae17e766-a66c-4680-810b-b19817528486'),
	('652ea860-5064-45c8-ad22-dbe12fb7bfd0', '23b4badd-5939-4b72-8970-26298770c82e', 'a9588691-ede6-4e4b-8749-4b3715170ffb'),
	('6561e526-6996-4dda-aed7-6d1b0adbfa1b', '23b4badd-5939-4b72-8970-26298770c82e', 'af1c5665-925e-44ab-a301-38fe78663e60'),
	('65aa9948-3683-40e0-9c1a-4d3fa7ff2642', '7813810f-78f7-43d4-a782-90bc58004900', 'a61875e9-f309-4c6b-bfc6-62618dd129ed'),
	('667ec1b3-3871-43dd-b53e-0d1bcbfd6152', 'a9bfaa55-3630-4b2b-9825-a360bfb00e8b', 'd4318980-9bd9-43d0-b2bd-8d5f423e70e6'),
	('671f5b8e-ad70-476e-894e-711e6426fa9c', '23b4badd-5939-4b72-8970-26298770c82e', 'b5109681-d1cf-4db7-9db4-7c906f5599cd'),
	('6773e603-5d21-4173-afa2-8e7191094583', 'a9bfaa55-3630-4b2b-9825-a360bfb00e8b', '30a8e939-f99f-4fba-ada3-457cefcb2e66'),
	('69391fb5-7e1a-4680-823a-88daf9abe9ce', '23b4badd-5939-4b72-8970-26298770c82e', '38d4a406-778b-4c36-a5e9-d597163a6e01'),
	('69c84d53-a84c-4729-aa09-f930f7efee6c', 'e5b1c619-897f-4727-8fdf-7842c5d94982', 'f55dcc8f-6161-4d38-a500-a6be6f41abab'),
	('6b431c9e-a5fe-46f1-9a71-8fdf0b953a6e', '7813810f-78f7-43d4-a782-90bc58004900', '670e7c84-09a0-48b9-9b34-b77c8f87188f'),
	('6b512220-c417-4027-813a-af37431ca17e', '23b4badd-5939-4b72-8970-26298770c82e', '0b58dbdc-ab88-41b1-8aea-36d2472709c6'),
	('6b67709e-4562-429a-abb5-b26b1a62b80d', 'e5b1c619-897f-4727-8fdf-7842c5d94982', 'ab700ef0-4e11-4a4f-afbd-a32c11726a94'),
	('6c1b0269-8963-4362-92d0-e668543afaf4', '9944bffc-8208-4c1c-8bbf-0824be6a259a', 'd4ac9577-163a-4d45-a375-48e30d13cafe'),
	('6cc2d012-a6af-42db-9a0c-973adc4bf5e3', 'aab6f969-31b2-432c-9e77-ab472cda6a38', '237e1b57-ad42-4fd6-b976-113dc08c8840'),
	('6cd3cac2-7de1-4140-800f-4fa597c506e4', '7813810f-78f7-43d4-a782-90bc58004900', '1a4bcef0-13a5-446a-805a-01d28e4c46b1'),
	('6d48393b-9f3a-45e5-a0a5-594b43ecf135', '23b4badd-5939-4b72-8970-26298770c82e', '37da8051-c180-456e-ad5d-23d48c9fffbd'),
	('6e6c0978-b99a-4ccf-8777-99875bb1a31d', '9944bffc-8208-4c1c-8bbf-0824be6a259a', 'c3886d59-b566-4211-92cb-d85a9a9d3b24'),
	('705a67b1-73ab-44ec-9919-c0f6fb35fad7', '23b4badd-5939-4b72-8970-26298770c82e', 'ae17e766-a66c-4680-810b-b19817528486'),
	('70bfbc72-38d4-40cd-bd33-61749595f3fc', '9944bffc-8208-4c1c-8bbf-0824be6a259a', '7430c3c6-1afb-4990-9add-115eb700d1fc'),
	('7157ca1a-ede9-400a-9054-1a2d586f0fc1', '23b4badd-5939-4b72-8970-26298770c82e', '2f61a65e-74da-42ab-9f22-2b6821222e41'),
	('7161f415-0831-42f6-9410-c15db662747a', 'a9bfaa55-3630-4b2b-9825-a360bfb00e8b', 'aaa94dbc-f0e2-4312-8552-1a2ac7f2535d'),
	('7251cf60-0318-4187-9174-a54df4bba944', '23b4badd-5939-4b72-8970-26298770c82e', '33589bbf-8bfe-4830-b7c2-8d3178a167e9'),
	('72b4b30a-e154-48db-ac58-241f672750e3', 'aab6f969-31b2-432c-9e77-ab472cda6a38', '5b9eaff0-0e96-449f-875c-1f6e494db92c'),
	('735fee4e-0952-4347-becc-893f17598d84', 'a9bfaa55-3630-4b2b-9825-a360bfb00e8b', 'eea3870e-bb27-4ff5-9998-6cf8d2bbd559'),
	('7360b377-a5c7-4ee4-ac8a-e87fa1fe9460', 'aab6f969-31b2-432c-9e77-ab472cda6a38', 'c70f8a0d-e729-4a22-b16b-25f12a8c5dc9'),
	('74622525-a126-4a5f-af28-36434ab97191', 'a9bfaa55-3630-4b2b-9825-a360bfb00e8b', '63c42c23-19d1-4e95-9184-27e3e8cc6b15'),
	('755edab4-2577-45d2-a3c9-0953c7fde305', 'e5b1c619-897f-4727-8fdf-7842c5d94982', 'b3aee423-d302-4e02-810a-da8870e02052'),
	('75a8cf0a-e0f7-4b99-8604-1c612c115e48', 'a9bfaa55-3630-4b2b-9825-a360bfb00e8b', 'ea079876-afce-45d1-8c6c-8137b8afb920'),
	('7663c1c1-d84b-476a-bfdc-acd2ecf5f68a', '990c39ad-06b0-4ecc-8547-ecd585411f2e', '603c198c-49de-46fc-b486-865ce856fd42'),
	('76ef02c3-0db3-45dc-8dc1-9982822a42aa', '990c39ad-06b0-4ecc-8547-ecd585411f2e', '1ec5d13b-6f42-4e81-9877-0efd0ddec211'),
	('7782fc03-0d35-4b2c-9770-56de3e67c28c', 'e5b1c619-897f-4727-8fdf-7842c5d94982', 'ec81c95b-0b73-4883-b684-6d3fd620310c'),
	('7870d91d-bc1a-4021-9c5c-78481f9dad02', '23b4badd-5939-4b72-8970-26298770c82e', '0e020dd3-23a4-4e93-8ac1-b2e03f93c662'),
	('78c50f64-0746-419e-953c-868a1ee40107', 'a9bfaa55-3630-4b2b-9825-a360bfb00e8b', '81d2f4df-9d06-441c-adee-72b445ad2f1c'),
	('78ced341-e77c-4e2c-a75b-782dbee0a3c9', 'aab6f969-31b2-432c-9e77-ab472cda6a38', '403d6acd-fd34-425c-a09b-7667860b15b9'),
	('78fffc28-8060-4217-9f28-05f1c16ac6ac', 'a9bfaa55-3630-4b2b-9825-a360bfb00e8b', 'a18975f5-ceb5-4ed0-8567-4b2e2070efa2'),
	('7992bdc9-3f69-4e1b-acbd-fa557e509360', '23b4badd-5939-4b72-8970-26298770c82e', '4847595b-db16-4c1a-bc10-31d2f1878482'),
	('7a7338a2-5456-4996-89ee-b27fe23f14d5', '7813810f-78f7-43d4-a782-90bc58004900', '6472d523-ce8b-4e1d-af6d-66f1d9ba0072'),
	('7aef74a1-1e1d-4c64-978e-b98b03d97733', 'aab6f969-31b2-432c-9e77-ab472cda6a38', 'f86bf72f-75ea-4def-8908-b3752db6ca25'),
	('7af4eb78-7270-48c9-8709-736d1b99014d', 'aab6f969-31b2-432c-9e77-ab472cda6a38', 'cc13cf57-37e4-465d-a609-cf21a17eca0d'),
	('7af6bcbe-b9b3-4d12-9cc1-34bf609099f5', 'e5b1c619-897f-4727-8fdf-7842c5d94982', 'a93fab62-9aff-4605-8e12-a9e68da31ef5'),
	('7b650fc6-c76c-473c-badd-ba0af6ca5001', 'e5b1c619-897f-4727-8fdf-7842c5d94982', 'e8e2324a-c28f-442c-a936-926a71a176a4'),
	('7b8c43dc-c4d1-403d-b9c2-1dca31e6badc', 'a9bfaa55-3630-4b2b-9825-a360bfb00e8b', '239a291a-e63a-4480-8c2f-e12aa43392bf'),
	('7d34b4dd-7121-4058-91cc-0d1b89b36b1e', '7813810f-78f7-43d4-a782-90bc58004900', '9e494bfc-899e-44fe-8acd-cb01b321db2c'),
	('7e76b0ba-b86d-4172-bd2a-d7bb362e2591', '990c39ad-06b0-4ecc-8547-ecd585411f2e', '04c52a2e-0c01-4431-b31d-264f247189a8'),
	('7eea429f-474d-4db4-bd90-ccad22b2e611', 'a9bfaa55-3630-4b2b-9825-a360bfb00e8b', '11a592d2-5e84-49fa-bf9b-e73d0f5d37ab'),
	('7f242390-1f13-41d2-95e0-4cf7142dc1ed', 'aab6f969-31b2-432c-9e77-ab472cda6a38', '0adb09d6-fc32-4f3a-b172-621a05128f3e'),
	('7f7d0084-da99-4fc7-a224-ebe9d78cf313', 'e5b1c619-897f-4727-8fdf-7842c5d94982', '26eca107-cdf4-410b-a04a-529ce4ae213a'),
	('80200215-9b8d-48d2-9f82-efa92d50ab2d', 'aab6f969-31b2-432c-9e77-ab472cda6a38', '58dec0e4-41a2-429a-8019-64141b2e6e17'),
	('81262384-2973-4c28-9c87-cf21f6618192', '990c39ad-06b0-4ecc-8547-ecd585411f2e', '0bc52845-e8c4-41a3-b35e-84bb06833072'),
	('82a96a68-5384-40e7-95d3-01819319d86b', '990c39ad-06b0-4ecc-8547-ecd585411f2e', 'd4ac5325-60b9-48be-94d1-c52631c60df6'),
	('82cb3aa6-e42b-470b-8653-849ecdc7b324', '23b4badd-5939-4b72-8970-26298770c82e', '91759b25-87dd-400b-90e4-1699fc360454'),
	('8370221b-de75-4c74-a126-41bbcae8ea66', 'a9bfaa55-3630-4b2b-9825-a360bfb00e8b', '8c9217f8-9bd0-4983-af75-4c13a83530a7'),
	('844d87b6-3306-4264-b44f-b0be19504c43', '7813810f-78f7-43d4-a782-90bc58004900', '29c7ffa7-1dc6-4852-ba06-02af655e8add'),
	('84851d0b-fedc-425a-b505-4f5146567eca', '9944bffc-8208-4c1c-8bbf-0824be6a259a', '867e0e5e-6122-4581-9556-6a4f9562f912'),
	('84e0aa49-a7dc-4d43-9f5f-c05b8e1c128f', 'e5b1c619-897f-4727-8fdf-7842c5d94982', '8eeb0ce5-4d39-4a37-a99b-cc5d65adf9ac'),
	('8597e45c-c25f-432a-ae47-0fea2b84a64d', '7813810f-78f7-43d4-a782-90bc58004900', '9b719a94-e906-4f71-82bc-df6cfeb4eb87'),
	('8602590a-ee5f-4c59-9884-89033856240c', 'e5b1c619-897f-4727-8fdf-7842c5d94982', '175f3bc6-cb90-4fde-9a58-8ee70c1ead8b'),
	('870438c9-3a58-49a7-bd20-87cb54abd749', '23b4badd-5939-4b72-8970-26298770c82e', 'aee0bd35-9a14-419b-adaa-415447f00ae4'),
	('88593008-d9da-4c55-9aea-a9b442b3f2ae', 'e5b1c619-897f-4727-8fdf-7842c5d94982', '06c7618a-5ca7-4cb4-b315-d58c7158f3a7'),
	('8947f3d0-fa7f-497a-976b-ca2f3e3b361a', 'e5b1c619-897f-4727-8fdf-7842c5d94982', 'bb82dc43-bf19-41d6-a281-7f3ea32d7636'),
	('89942b87-36c2-4208-b89e-bbf241ed96ed', '990c39ad-06b0-4ecc-8547-ecd585411f2e', '9e494bfc-899e-44fe-8acd-cb01b321db2c'),
	('8a27c85d-23de-4b4b-890f-6e6615de82fc', '23b4badd-5939-4b72-8970-26298770c82e', '9455a0fb-0f5f-407a-afad-0a3f4d7870c6'),
	('8a79ff51-703b-492e-afbf-616064004eeb', '23b4badd-5939-4b72-8970-26298770c82e', 'ba4b005c-45fc-4f71-b291-bb5c49bbdc65'),
	('8c3b6a5c-19a8-4e28-b079-bcd7fe72e9da', 'e5b1c619-897f-4727-8fdf-7842c5d94982', 'f5e56c8d-77f1-4d1f-8549-5dd462bb9695'),
	('8d476543-6161-4b29-bdb4-eadb1b795a59', 'a9bfaa55-3630-4b2b-9825-a360bfb00e8b', '522741b5-329a-49bc-a066-86ffb1dd14aa'),
	('8df32fed-93d3-4af7-93be-706211f4f9a5', '9944bffc-8208-4c1c-8bbf-0824be6a259a', 'c4252101-6b10-42bc-9556-acdba57381c4'),
	('8efb6049-46d7-48b0-b2fa-fe24036e1a3d', '23b4badd-5939-4b72-8970-26298770c82e', 'b4e86830-48cd-47e4-a07e-4665c89765c6'),
	('9004309e-a06a-4e92-9307-43625dad2194', 'a9bfaa55-3630-4b2b-9825-a360bfb00e8b', '3c9c54fb-51a7-4c0f-8948-bdd3b1491e0e'),
	('919e25be-2e1d-4e6e-a2e5-a286b44a1071', '9944bffc-8208-4c1c-8bbf-0824be6a259a', '55d9b7cf-9fa6-4488-aef4-dad60c6a5c72'),
	('91da407a-bc1a-4d68-b828-3a4b408d9b0d', 'aab6f969-31b2-432c-9e77-ab472cda6a38', '6bd81489-380b-4c62-8feb-e0a5936d01d4'),
	('93bc963f-d95b-4524-87ed-42c8cae7c7f8', '990c39ad-06b0-4ecc-8547-ecd585411f2e', '63b8f61e-b271-47cd-a417-8c83e34319d2'),
	('9504c327-1f05-4308-9a36-1c74f7a10692', 'e5b1c619-897f-4727-8fdf-7842c5d94982', '62059ac2-eced-4013-aa03-d6781622d553'),
	('96d11a01-c1ef-452b-9b6e-58da7393ec26', '23b4badd-5939-4b72-8970-26298770c82e', 'b7f8e785-cf55-4ad8-af38-8ffd69548121'),
	('99900572-56cf-4f22-8065-0aa8777abb7e', 'aab6f969-31b2-432c-9e77-ab472cda6a38', '711ed229-e2a4-4c48-847e-93d20e8d2fbd'),
	('9994bde7-d558-4552-a02b-d588ff527de5', 'a9bfaa55-3630-4b2b-9825-a360bfb00e8b', 'f4a43937-ab8a-435b-9fda-3a9f6309a9ef'),
	('9a6b28ac-6215-496c-855a-5e323904a20e', '23b4badd-5939-4b72-8970-26298770c82e', 'c2a69f8d-ada6-48a9-bed3-b9e4ab7a2805'),
	('9c6ef9e5-c9ff-4302-b6fd-bad68867c1c2', '990c39ad-06b0-4ecc-8547-ecd585411f2e', '3918f942-7571-408c-a486-53ea91100f1d'),
	('9de9277a-1649-4dfa-8e17-d32191d8ed90', 'aab6f969-31b2-432c-9e77-ab472cda6a38', '9e64d177-53eb-4a8e-8897-b4a9232ac220'),
	('9e0674fa-da03-49d8-868f-b88cda5900b3', 'e5b1c619-897f-4727-8fdf-7842c5d94982', '848044c0-afe6-4ea9-9344-75f4b1a03ef8'),
	('9e50d38e-b8da-4fa9-8719-0ea8d8ebc311', 'e5b1c619-897f-4727-8fdf-7842c5d94982', 'd1ec5eec-f4ec-485b-bcd2-7f30d466def3'),
	('9e9b3d01-9ac7-4298-be15-bd6d44593c23', 'a9bfaa55-3630-4b2b-9825-a360bfb00e8b', '9478d731-2df8-420f-830e-07ed8a9a5966'),
	('9f543e91-8bb3-4ca8-9de7-05826eb94829', '23b4badd-5939-4b72-8970-26298770c82e', '06601538-8674-49c6-9c9a-0700a5670df2'),
	('9f72b433-ba34-46f0-9b5f-31fc58dd82ac', '23b4badd-5939-4b72-8970-26298770c82e', '8be13f6b-2454-46db-8d6e-36e265707514'),
	('9fdbe79a-7727-46c5-a051-226ba8301756', '7813810f-78f7-43d4-a782-90bc58004900', '9e494bfc-899e-44fe-8acd-cb01b321db2c'),
	('a0751b7e-29eb-45d8-bee7-d4ffae29e0b0', '9944bffc-8208-4c1c-8bbf-0824be6a259a', 'e8416bcc-eb7d-4cc0-b831-d14d86568b20'),
	('a0bfe1ed-3e4d-47e7-b153-2c38232ca3bb', 'e5b1c619-897f-4727-8fdf-7842c5d94982', 'a24c9f51-9a88-42c4-8ee3-170923c12785'),
	('a3f01ce1-9cbe-432f-b582-2afcb9350e40', 'e5b1c619-897f-4727-8fdf-7842c5d94982', '18f96d0c-c7a2-4a05-a912-0dcdba489d58'),
	('a4fa137e-4f2e-40ef-b9bf-341d958e9bd1', '9944bffc-8208-4c1c-8bbf-0824be6a259a', '3918f942-7571-408c-a486-53ea91100f1d'),
	('a71496f1-dfc8-421f-a644-e2f35af17943', '7813810f-78f7-43d4-a782-90bc58004900', '9dd019c5-4876-4d6f-883b-061374145aea'),
	('a7a57694-dda0-446b-a688-60f7ef426b3b', '7813810f-78f7-43d4-a782-90bc58004900', 'dd4b945d-38af-4efb-8352-7ac125b595f9'),
	('a8060b57-fa59-4a37-b290-1317d868f8e3', 'aab6f969-31b2-432c-9e77-ab472cda6a38', '519f4318-794b-4fe5-9432-cc7a2d9f9c7d'),
	('a8523e24-f11d-466f-840c-89f23ac10557', 'a9bfaa55-3630-4b2b-9825-a360bfb00e8b', 'e0dbe705-cf1b-49d7-9392-9bc2baf6d7fe'),
	('a87f5a97-c394-4b1f-a4f7-0a6bd06a7634', 'aab6f969-31b2-432c-9e77-ab472cda6a38', 'c7ef5f52-6c7e-49de-a088-32671570b36e'),
	('a8a072d4-754b-40e0-a146-40a25fc71414', 'aab6f969-31b2-432c-9e77-ab472cda6a38', '0302473d-14c3-42bd-a79c-081fe5e36edd'),
	('abc7e70c-eb07-46cc-a7a5-1c7469c1d013', 'a9bfaa55-3630-4b2b-9825-a360bfb00e8b', 'e3a7e44d-d5af-4eba-9cc1-9a3290404d6f'),
	('ac96d7c9-cac6-40e3-806f-6ec447717859', '7813810f-78f7-43d4-a782-90bc58004900', '02e43399-9a5d-4926-b8b7-b1835546cd3d'),
	('ad68ecc5-3784-4b9c-b42d-a1c09816808c', 'aab6f969-31b2-432c-9e77-ab472cda6a38', 'cc13cf57-37e4-465d-a609-cf21a17eca0d'),
	('ada38ac6-ea24-42a2-af5a-f853186cfd56', '9944bffc-8208-4c1c-8bbf-0824be6a259a', 'f52d1dfd-8398-4141-8693-1c81e84e1225'),
	('ae31911c-aa7d-4119-a57f-d6dea314bfbb', '23b4badd-5939-4b72-8970-26298770c82e', '4939699d-32ab-4e9f-80da-bacf3ea0804a'),
	('ae66f181-f937-45f9-a9a5-e33c31f4ab96', '9944bffc-8208-4c1c-8bbf-0824be6a259a', '485d3971-193b-400b-8240-4c259fe965fa'),
	('ae91ea86-f7fe-4894-804d-5b826078734b', 'e5b1c619-897f-4727-8fdf-7842c5d94982', '6d2bbd22-b36d-4de0-94fb-ffc75c7316f7'),
	('aef98842-5abb-471b-beb3-7753947d0a0d', 'a9bfaa55-3630-4b2b-9825-a360bfb00e8b', '92d6f77f-c5af-4e40-af75-7523de0bf353'),
	('afc0d18b-012d-4881-9242-cd340381a83b', '23b4badd-5939-4b72-8970-26298770c82e', 'ff6f0a32-f032-4631-ae52-08951906aeca'),
	('b12186a4-22ab-45c7-a3a9-d033e1d6c39c', '7813810f-78f7-43d4-a782-90bc58004900', '569b3908-a600-4462-8de4-c10012ee370a'),
	('b1a10be2-9e30-4e4f-a593-28d32e034b35', '23b4badd-5939-4b72-8970-26298770c82e', 'fe782a4f-4f0e-4f3b-ba07-752feee7b999'),
	('b25da59d-4981-4529-a8fa-e959df5eea4c', '23b4badd-5939-4b72-8970-26298770c82e', '32552c86-769e-4d6d-b7b8-8c06733102ef'),
	('b3cdb55d-9e30-4d47-80d9-14b40011158b', '9944bffc-8208-4c1c-8bbf-0824be6a259a', 'd20b1e3f-b41d-4b5c-9ee9-fd633140915e'),
	('b551a752-129b-4de9-823d-e320d48e3a1f', '7813810f-78f7-43d4-a782-90bc58004900', '638f10c8-6f29-43bb-9c33-52feac532446'),
	('b5adcaea-4321-48a0-9cdb-3632ae98973f', 'e5b1c619-897f-4727-8fdf-7842c5d94982', '81c8b5bb-8dd0-4962-a730-38ac73586f68'),
	('b6a32c1f-c6ce-4cfd-b994-053f8de60a3c', '9944bffc-8208-4c1c-8bbf-0824be6a259a', '11a8cec1-0acf-41a2-8cf2-ce0f41b90ce1'),
	('b717bf65-6525-44a7-9c0e-e7f023f16956', '9944bffc-8208-4c1c-8bbf-0824be6a259a', '865d88d8-2a6f-4138-8af5-2576b5968198'),
	('b721520c-9c7a-43f2-b9a7-fed11be08c83', '990c39ad-06b0-4ecc-8547-ecd585411f2e', '97885882-27d7-4266-85cc-7b4cd8c659c7'),
	('b74887d7-4c72-422a-8845-6026a1358bf7', 'e5b1c619-897f-4727-8fdf-7842c5d94982', '36c47f60-53b3-4805-842c-d68d5e393e92'),
	('b84031c1-463d-45b7-accf-b8a32565f224', 'aab6f969-31b2-432c-9e77-ab472cda6a38', '8ddc03f5-3510-4eda-a863-f612f9ebf751'),
	('b94cd2e2-ca42-4360-86a4-f9bb54e4f44f', 'e5b1c619-897f-4727-8fdf-7842c5d94982', '5d016acf-01c5-4c11-8484-c77aaf0d2bab'),
	('b9b819e5-43e9-4919-a8f0-cf7a601e5ebf', '23b4badd-5939-4b72-8970-26298770c82e', '7fa9f388-85a3-4dd7-abd3-65153d29ffd0'),
	('ba7444a9-ba37-4ad7-8d75-3670262d0cfe', '7813810f-78f7-43d4-a782-90bc58004900', 'b6642e16-a439-4021-965d-ccc050b708f1'),
	('ba8296b5-4965-4326-820e-e1a44d158ee3', 'a9bfaa55-3630-4b2b-9825-a360bfb00e8b', 'a404f556-09b8-48a3-b87a-542996dda692'),
	('ba97e43c-71e4-467d-bce1-3ce71edc4925', '990c39ad-06b0-4ecc-8547-ecd585411f2e', 'adc25f47-7b27-47f6-811e-dfd0a9c03fae'),
	('bd209133-fa15-4b02-9eb5-25c8154dd58f', 'aab6f969-31b2-432c-9e77-ab472cda6a38', '3066a63c-861e-4a64-ba2b-a91e09df2338'),
	('bd338ff3-eb6a-4653-a979-ea2f22fdf6c7', 'a9bfaa55-3630-4b2b-9825-a360bfb00e8b', '32d81798-b4c4-4154-add0-7dc83887b60b'),
	('be18c633-e319-43d7-9a75-f6ee30bec14d', '990c39ad-06b0-4ecc-8547-ecd585411f2e', '5b3e6386-c205-4b75-863a-1311833c39a0'),
	('be52af27-c129-457a-a8ff-4ef9f2afcfde', 'aab6f969-31b2-432c-9e77-ab472cda6a38', 'bf8c0694-5634-45bc-822d-96b5a78dc737'),
	('be9c7550-0a41-4844-af1e-d1a446b23217', 'a9bfaa55-3630-4b2b-9825-a360bfb00e8b', '239a291a-e63a-4480-8c2f-e12aa43392bf'),
	('bf11609b-7ddd-4e02-bc7c-6d2ea8fbc0a3', '990c39ad-06b0-4ecc-8547-ecd585411f2e', '77868c67-c6f0-4b72-8e3a-c537159ac133'),
	('bf61d795-653e-49f6-8edb-7e95059d3762', '990c39ad-06b0-4ecc-8547-ecd585411f2e', '4a38c657-10d7-4116-948a-679946a22c41'),
	('bf75efe5-a0c0-4950-8cb1-64264a4769b4', '23b4badd-5939-4b72-8970-26298770c82e', 'bc579fd7-0c24-4bc8-bbcc-9f03a35eaa11'),
	('bfbe2db1-4e64-4737-9a76-2b4dc7d34f1d', 'a9bfaa55-3630-4b2b-9825-a360bfb00e8b', 'c1dda9e4-b8bf-482b-9522-7f8ed887f6d3'),
	('c0df41fa-fd6a-4236-a6d9-974bd7755444', '23b4badd-5939-4b72-8970-26298770c82e', '1e108329-8de3-4b4f-83d4-b39f09846d63'),
	('c3271f51-786b-4867-9761-87c7418d33c9', 'a9bfaa55-3630-4b2b-9825-a360bfb00e8b', '5f92f4e0-4b2c-4196-b514-ca673f09eb36'),
	('c35893fc-bb96-4567-9835-9ad1e1a8338d', '23b4badd-5939-4b72-8970-26298770c82e', '6f87507d-719c-41a9-a07e-5888a6cbfd76'),
	('c3e0227e-c9d7-4464-9fc0-e20dab435493', '23b4badd-5939-4b72-8970-26298770c82e', 'ef4c8992-6920-4527-ab80-3a4cbeee386d'),
	('c500bb43-79fd-4db8-996c-396670d3e818', 'e5b1c619-897f-4727-8fdf-7842c5d94982', '2c004b84-b2c2-4d16-aca5-fa9f15fdeab0'),
	('c5551a06-6e16-4c41-9023-b4802955d7b9', 'a9bfaa55-3630-4b2b-9825-a360bfb00e8b', 'a9941ff3-b685-48ac-b413-15e121c1dfc4'),
	('c5f8dfbb-5797-443e-ba97-a14255c973c9', '7813810f-78f7-43d4-a782-90bc58004900', '44cffe9f-dc4e-4788-b8d1-bb5a067fe9a6'),
	('c63de5a1-8ca5-4fa2-b77d-8e0473eb01e6', 'aab6f969-31b2-432c-9e77-ab472cda6a38', '2836b5ac-e9c7-49c2-8004-9caaf8256021'),
	('c7b52bd9-2b80-48c1-b547-377a2b700c16', '9944bffc-8208-4c1c-8bbf-0824be6a259a', 'd0e2ca4f-4881-4580-a1a3-473a1a2693d7'),
	('c7bc26bf-4453-42cf-a7cc-619c6e910ee0', '7813810f-78f7-43d4-a782-90bc58004900', 'f24c5951-c47d-498e-94be-743fe7387b2f'),
	('c8014ae4-5082-41c5-9d65-1b9ccb155d27', '23b4badd-5939-4b72-8970-26298770c82e', '58853d17-4d16-48e4-8f10-9c6156eb2fbd'),
	('c95f4999-7b93-4a54-bcaf-3a4f5090a001', '7813810f-78f7-43d4-a782-90bc58004900', 'f900b42c-8a05-4cce-8970-9cc0e9402b9f'),
	('c9cfb77e-2c9f-4c27-9501-0f5d0b750840', 'aab6f969-31b2-432c-9e77-ab472cda6a38', '14e2447d-b73a-429f-ade3-8a5d8d9847f3'),
	('cb3db9ed-8630-4ef9-83d3-aa2da2f2128b', 'aab6f969-31b2-432c-9e77-ab472cda6a38', '74fe0f95-e11c-4b73-b54e-8b019ddda91d'),
	('cb5a700e-3880-408e-9031-e258126bb5e3', 'aab6f969-31b2-432c-9e77-ab472cda6a38', 'e897414f-f5e6-4769-bcaa-655e721697c2'),
	('cb5fb4b7-9959-4869-81b6-479a201edb7a', '7813810f-78f7-43d4-a782-90bc58004900', '670e7c84-09a0-48b9-9b34-b77c8f87188f'),
	('cde85fcf-5580-414a-a825-3ccc7e1ce789', 'a9bfaa55-3630-4b2b-9825-a360bfb00e8b', 'f3374bac-7cd4-452f-aeb1-824476e9b916'),
	('ce7df1e2-01d2-4039-beed-92b350fc7a52', '23b4badd-5939-4b72-8970-26298770c82e', 'ccc4090a-e177-4be4-9dc1-158b966f1616'),
	('cf5e04e4-4e73-4376-b01e-2c4fd55229c7', '990c39ad-06b0-4ecc-8547-ecd585411f2e', '7f1386d6-9e1f-49ae-a3b9-71bf8c7b11f2'),
	('d012527d-4eb7-4cf1-ad96-4258d91fcd70', 'aab6f969-31b2-432c-9e77-ab472cda6a38', '72fa8308-c11c-444f-8991-78ef2f07612f'),
	('d0582e27-151a-4e2e-af60-c1e7b8dde56b', 'a9bfaa55-3630-4b2b-9825-a360bfb00e8b', 'b4e9e0ff-c31b-477e-81f5-7dcaab5a836a'),
	('d0fa6247-0c8d-4fea-906c-a1ff364c84f1', '7813810f-78f7-43d4-a782-90bc58004900', '1a4bcef0-13a5-446a-805a-01d28e4c46b1'),
	('d17ad097-113a-40dd-ac96-dcd15c4e01b8', 'aab6f969-31b2-432c-9e77-ab472cda6a38', '7e5b2e6e-c42f-4ea8-9c20-4193c906f54e'),
	('d439623d-4167-4f2d-83af-0203a9ba0613', '23b4badd-5939-4b72-8970-26298770c82e', '06601538-8674-49c6-9c9a-0700a5670df2'),
	('d6fcbda5-f2b8-4e7d-a79a-7bae01241dc6', '23b4badd-5939-4b72-8970-26298770c82e', '2bce98c5-fb93-4e65-a88c-fc7ac90836f0'),
	('d75c4930-0e7b-400a-b8dc-e9692b2b8af0', '23b4badd-5939-4b72-8970-26298770c82e', 'b6642e16-a439-4021-965d-ccc050b708f1'),
	('d79465ff-2417-45b5-9c2b-7f9cff88acdc', 'a9bfaa55-3630-4b2b-9825-a360bfb00e8b', '89a42fdf-e660-4a4a-a322-9b3c15954003'),
	('d7ed6660-3401-4de9-9caa-fb4742f66b98', 'e5b1c619-897f-4727-8fdf-7842c5d94982', '3d439c8c-abe6-4aea-b036-db548c3fde0f'),
	('d7f9e162-6514-4a15-b947-2537f886cb4c', '990c39ad-06b0-4ecc-8547-ecd585411f2e', '7431bd2e-2f74-41ac-9245-411a6da05d36'),
	('d9416101-f9e2-44ef-b31e-a2cb59f4f712', 'e5b1c619-897f-4727-8fdf-7842c5d94982', '661f49a8-05f1-45e6-8219-fa3081d72898'),
	('da8b8705-7b91-4cf3-9d68-ba62b16cb58e', 'e5b1c619-897f-4727-8fdf-7842c5d94982', 'c1fcd1c1-66a2-42cf-9809-bb7938c3b32e'),
	('da94a4c4-ea80-4451-b26d-ad48a00e55ca', 'a9bfaa55-3630-4b2b-9825-a360bfb00e8b', '275d7973-e1cd-4d44-9a36-29e8c4bac6da'),
	('da99dd50-3099-469c-bccd-871e5269bb95', '23b4badd-5939-4b72-8970-26298770c82e', '166cd253-fd20-4e58-8895-7920d7e04c6e'),
	('dbe511dc-c2ef-4da2-a42e-646414e3b2bd', '9944bffc-8208-4c1c-8bbf-0824be6a259a', '44792b8d-9366-4141-a9d0-e80a46c3a71f'),
	('dc09c107-29dd-46dc-b1b5-555520f00b7b', '23b4badd-5939-4b72-8970-26298770c82e', 'db69390b-6409-47b7-b652-f89a173f0d86'),
	('dc407755-9fb7-4199-a8b0-b939d6a437ef', '23b4badd-5939-4b72-8970-26298770c82e', 'eea2d3e0-2c79-4fa6-8ff4-ffebdf304816'),
	('df4f1a20-e5e0-49df-bfeb-e8de44737236', 'a9bfaa55-3630-4b2b-9825-a360bfb00e8b', '8b76ebfd-c0dd-4d1e-b502-3122dece8276'),
	('e1f8ae69-ba85-440c-8b09-26363ab2e06d', '23b4badd-5939-4b72-8970-26298770c82e', '51b7637d-f0e4-4ca3-a60c-15ac4c6ddb72'),
	('e2625296-dcfb-4dc3-9545-9bf7f57be51d', '23b4badd-5939-4b72-8970-26298770c82e', 'cd80c9c9-5103-4198-a65c-18b6f31c899e'),
	('e2b03250-6e50-4644-9a25-84d749cd5e86', 'e5b1c619-897f-4727-8fdf-7842c5d94982', 'f5c259f5-f9c4-4522-ad71-bb55b400e5f0'),
	('e3809657-b857-427d-8ebd-c7b966445d45', '7813810f-78f7-43d4-a782-90bc58004900', '02e43399-9a5d-4926-b8b7-b1835546cd3d'),
	('e4f03a41-6c4c-4f80-9c44-012c92809a98', 'aab6f969-31b2-432c-9e77-ab472cda6a38', '237e1b57-ad42-4fd6-b976-113dc08c8840'),
	('e5d61dc6-ca97-4376-a86e-75eca6aafda1', 'aab6f969-31b2-432c-9e77-ab472cda6a38', 'b653eaaf-e543-458f-a9bd-e9ce00b54525'),
	('e6093a26-585e-445f-bf84-4ec3d3578d0a', 'a9bfaa55-3630-4b2b-9825-a360bfb00e8b', 'a071b70a-005b-4d9e-8e97-075842b5a790'),
	('e7135b93-6985-4b93-9da6-f2f68847301a', 'aab6f969-31b2-432c-9e77-ab472cda6a38', '34fe8b89-8abe-46eb-9013-30a5f3f42dd6'),
	('e84753b0-27a6-4190-8932-337656b5b374', 'aab6f969-31b2-432c-9e77-ab472cda6a38', '2865149c-1fda-4420-b877-1cf79165f98e'),
	('e87c59b8-c77f-4f5e-8e7d-c6fc3619f9e9', 'e5b1c619-897f-4727-8fdf-7842c5d94982', '0fedd051-6c77-4005-91c7-fd0026b9cd06'),
	('ea8959b2-136e-4c6b-aebd-2f1e8ad5b06f', '23b4badd-5939-4b72-8970-26298770c82e', 'a2fa2af5-38ed-4e94-916c-df8d6ec3e9cc'),
	('ec908252-0ec0-4591-a163-28ed9f1306a9', '7813810f-78f7-43d4-a782-90bc58004900', '399079f8-4778-4bf0-9101-b25cdb692ed4'),
	('ecef58fa-3184-4369-adba-8344b0a8f082', 'a9bfaa55-3630-4b2b-9825-a360bfb00e8b', 'ab88bf20-e1dd-40c1-b44c-2e8bfd7d8440'),
	('ed7efb56-e882-4e74-a5f9-34f9cbd61a6e', '23b4badd-5939-4b72-8970-26298770c82e', '96d6fb63-3922-4e43-806f-47d6bcdb5925'),
	('edf8c0a2-1d02-46ea-a955-d615b99314a5', '23b4badd-5939-4b72-8970-26298770c82e', '7817b292-c15d-4d0c-8cce-5d7fe2a5a25f'),
	('ef6f1198-16f0-4dab-9ae2-09d5f683d865', 'e5b1c619-897f-4727-8fdf-7842c5d94982', '80f71ee6-6c0b-41e3-82c2-2bd6315968d5'),
	('ef962b4a-07d6-4efe-8e34-771c5c12fc10', 'a9bfaa55-3630-4b2b-9825-a360bfb00e8b', '099411aa-cf21-466c-aeb2-96ccb8b49c80'),
	('f06c6830-dd47-4737-acae-8bebd6cacdd0', '23b4badd-5939-4b72-8970-26298770c82e', 'd886b522-ec4a-43bc-a356-fffc7d09e331'),
	('f2191998-c1ee-4320-b89d-99842ecbd5b3', 'e5b1c619-897f-4727-8fdf-7842c5d94982', '03403086-e61a-4a23-a5f9-3b1a7cdcf08f'),
	('f346619c-c828-4843-90da-6c04d9d7eb4a', 'e5b1c619-897f-4727-8fdf-7842c5d94982', 'bc907a20-ed9a-4389-9e8c-b8708d3c9399'),
	('f477bf49-5599-4aca-accd-e0a588978728', 'a9bfaa55-3630-4b2b-9825-a360bfb00e8b', 'd4f94039-6894-4ad3-80ab-ad4ce97f91d7'),
	('f581c613-abee-43e7-ba74-5e61649125b0', 'a9bfaa55-3630-4b2b-9825-a360bfb00e8b', 'c1dda9e4-b8bf-482b-9522-7f8ed887f6d3'),
	('f58d57c7-2be3-4f0b-84b9-d0b4367c5f9f', 'a9bfaa55-3630-4b2b-9825-a360bfb00e8b', '6d6a4ac2-92a1-4806-8368-d87476de5fc2'),
	('f5a9f81b-36b6-4743-ad4b-498ab7814e8c', '7813810f-78f7-43d4-a782-90bc58004900', 'c0f4263c-b2fb-4896-9eee-2c648ccb8469'),
	('f6179621-bcce-4b6a-b534-d96415a6a76d', 'a9bfaa55-3630-4b2b-9825-a360bfb00e8b', 'b04ccbb5-a499-40dd-9926-5e01ecfb02ea'),
	('f65b4157-ee17-4d60-aad4-a0ed307f9c13', '9944bffc-8208-4c1c-8bbf-0824be6a259a', '3e662a45-8a39-42d0-ac0c-cd160ba98c52'),
	('f81ce8f5-d8d7-429b-bee2-2d56000c33b7', '23b4badd-5939-4b72-8970-26298770c82e', 'a513d291-0453-406f-a494-844fdf9f2265'),
	('f9179470-c73d-477e-9c5d-ace24911a160', '990c39ad-06b0-4ecc-8547-ecd585411f2e', 'd4ac5325-60b9-48be-94d1-c52631c60df6'),
	('faca3a94-4015-4531-8506-2dccae6dfc6b', 'a9bfaa55-3630-4b2b-9825-a360bfb00e8b', '4ed5b62c-901b-4712-a4b4-1346796066de'),
	('fbc7a38d-bc01-4514-a0d3-6a188bd1b4d1', 'a9bfaa55-3630-4b2b-9825-a360bfb00e8b', '96af1b23-668c-4b40-9463-1d1a9635cdd2'),
	('fc17cb8f-01f2-4770-a5df-c8a1b080f5ad', 'e5b1c619-897f-4727-8fdf-7842c5d94982', '85c88123-2439-404b-a2d9-24d17cab73f9'),
	('fc24fa83-a6b6-440a-9f7b-21dff50abd79', '990c39ad-06b0-4ecc-8547-ecd585411f2e', 'b442e9bb-fd93-4e91-8ae7-d8f7ab2f4136'),
	('fd6fc030-6876-4615-8c77-999ef5d55574', '23b4badd-5939-4b72-8970-26298770c82e', '51b7637d-f0e4-4ca3-a60c-15ac4c6ddb72'),
	('fffc3c25-2a5a-44d4-af42-5806ec335fef', '23b4badd-5939-4b72-8970-26298770c82e', '63ec3b0b-7055-4348-a312-3a0a5bb79afb');
/*!40000 ALTER TABLE "WordCategory" ENABLE KEYS */;

-- Volcando estructura para tabla db_a76b7c_jsmartin.__EFMigrationsHistory
CREATE TABLE IF NOT EXISTS "__EFMigrationsHistory" (
	"MigrationId" NVARCHAR(150) NOT NULL COLLATE 'SQL_Latin1_General_CP1_CI_AS',
	"ProductVersion" NVARCHAR(32) NOT NULL COLLATE 'SQL_Latin1_General_CP1_CI_AS',
	PRIMARY KEY ("MigrationId")
);

-- Volcando datos para la tabla db_a76b7c_jsmartin.__EFMigrationsHistory: -1 rows
/*!40000 ALTER TABLE "__EFMigrationsHistory" DISABLE KEYS */;
INSERT INTO "__EFMigrationsHistory" ("MigrationId", "ProductVersion") VALUES
	('20210628142756_Initial', '5.0.7'),
	('20210630152117_Categories', '5.0.7'),
	('20210630165012_Leters', '5.0.7'),
	('20210630212215_word', '5.0.7'),
	('20210630222531_update models', '5.0.7'),
	('20210630223242_Fix Models', '5.0.7'),
	('20210713233803_Password_Added', '5.0.7'),
	('20210715232223_update-turn', '5.0.7'),
	('20210716000543_update-Session', '5.0.7'),
	('20210716003806_update-Round', '5.0.7'),
	('20210716010714_added_Round_Number', '5.0.7'),
	('20210717152727_added_Session_Result', '5.0.7'),
	('20210717155223_fix_model', '5.0.7'),
	('20210720221149_turnNumber', '5.0.7'),
	('20210721213043_RoundResultAdded', '5.0.7'),
	('20210805002616_time on roundResult', '5.0.7');
/*!40000 ALTER TABLE "__EFMigrationsHistory" ENABLE KEYS */;

/*!40101 SET SQL_MODE=IFNULL(@OLD_SQL_MODE, '') */;
/*!40014 SET FOREIGN_KEY_CHECKS=IFNULL(@OLD_FOREIGN_KEY_CHECKS, 1) */;
/*!40101 SET CHARACTER_SET_CLIENT=@OLD_CHARACTER_SET_CLIENT */;
/*!40111 SET SQL_NOTES=IFNULL(@OLD_SQL_NOTES, 1) */;
